product_id,product_name,category,unit
1,Identify Part,Electrical,kg
2,Green Part,Mechanical,kg
3,Surface Part,Electrical,units
4,Eye Part,Electrical,liters
5,Deal Part,Mechanical,units
6,Reflect Part,Mechanical,units
7,Right Part,Electrical,kg
8,Ability Part,Mechanical,kg
9,Low Part,Chemical,kg
10,Message Part,Electrical,liters
11,Dinner Part,Chemical,units
12,Human Part,Chemical,liters
13,Administration Part,Mechanical,liters
14,Play Part,Electrical,units
15,By Part,Chemical,liters
16,Marriage Part,Mechanical,units
17,Sing Part,Electrical,units
18,Property Part,Electrical,kg
19,Real Part,Chemical,kg
20,Hand Part,Mechanical,kg
21,Leg Part,Chemical,kg
22,Learn Part,Chemical,units
23,Administration Part,Mechanical,liters
24,Instead Part,Chemical,kg
25,Book Part,Mechanical,units
26,Performance Part,Mechanical,units
27,Dog Part,Chemical,kg
28,Federal Part,Mechanical,liters
29,Where Part,Chemical,units
30,Watch Part,Mechanical,kg
31,Several Part,Chemical,units
32,Owner Part,Electrical,units
33,Evidence Part,Electrical,kg
34,Control Part,Electrical,kg
35,Current Part,Electrical,kg
36,Someone Part,Electrical,units
37,Fire Part,Electrical,units
38,Five Part,Electrical,liters
39,Decade Part,Mechanical,units
40,Push Part,Mechanical,kg
41,Finally Part,Mechanical,units
42,Interview Part,Electrical,liters
43,Media Part,Electrical,kg
44,Area Part,Chemical,units
45,Industry Part,Mechanical,units
46,Discuss Part,Mechanical,liters
47,Recently Part,Electrical,kg
48,Physical Part,Chemical,units
49,Face Part,Electrical,units
50,Sort Part,Mechanical,liters
51,Operation Part,Chemical,liters
52,Why Part,Mechanical,liters
53,Couple Part,Mechanical,liters
54,Enough Part,Chemical,liters
55,Vote Part,Chemical,units
56,Magazine Part,Chemical,units
57,Commercial Part,Electrical,kg
58,Media Part,Electrical,units
59,Region Part,Electrical,liters
60,Draw Part,Electrical,units
61,Friend Part,Electrical,units
62,Mean Part,Chemical,liters
63,Order Part,Chemical,units
64,Design Part,Electrical,units
65,Week Part,Mechanical,kg
66,Look Part,Mechanical,units
67,Suffer Part,Chemical,liters
68,Question Part,Mechanical,liters
69,Free Part,Electrical,liters
70,Go Part,Electrical,units
71,Lose Part,Mechanical,kg
72,Part Part,Electrical,units
73,Evening Part,Mechanical,units
74,Mention Part,Chemical,kg
75,Yes Part,Mechanical,units
76,Environmental Part,Electrical,kg
77,Sort Part,Chemical,liters
78,House Part,Mechanical,liters
79,Term Part,Electrical,liters
80,Early Part,Electrical,kg
81,Bag Part,Electrical,units
82,Ready Part,Mechanical,kg
83,Face Part,Chemical,kg
84,Pressure Part,Mechanical,units
85,Road Part,Electrical,liters
86,Role Part,Mechanical,units
87,None Part,Chemical,units
88,Federal Part,Mechanical,kg
89,Sea Part,Chemical,kg
90,Training Part,Chemical,units
91,Really Part,Electrical,kg
92,Police Part,Chemical,units
93,Return Part,Chemical,liters
94,Thousand Part,Mechanical,units
95,Challenge Part,Electrical,units
96,Last Part,Mechanical,liters
97,Indeed Part,Electrical,liters
98,Claim Part,Mechanical,units
99,Social Part,Mechanical,kg
100,Guess Part,Chemical,kg
101,If Part,Chemical,units
102,Defense Part,Electrical,kg
103,Garden Part,Mechanical,liters
104,Right Part,Electrical,liters
105,Development Part,Chemical,liters
106,Special Part,Chemical,liters
107,Rise Part,Electrical,units
108,Well Part,Mechanical,kg
109,Much Part,Mechanical,units
110,They Part,Electrical,kg
111,Wall Part,Chemical,kg
112,Certainly Part,Mechanical,kg
113,Hundred Part,Chemical,kg
114,Just Part,Mechanical,kg
115,Protect Part,Electrical,liters
116,Shoulder Part,Electrical,units
117,Give Part,Electrical,kg
118,End Part,Chemical,kg
119,Sport Part,Chemical,liters
120,Old Part,Chemical,units
121,Scientist Part,Electrical,units
122,Either Part,Electrical,liters
123,Put Part,Chemical,kg
124,Try Part,Chemical,kg
125,Others Part,Electrical,kg
126,Inside Part,Mechanical,kg
127,Wind Part,Electrical,kg
128,Actually Part,Chemical,kg
129,Road Part,Chemical,liters
130,Draw Part,Electrical,kg
131,Boy Part,Mechanical,units
132,In Part,Mechanical,liters
133,Lose Part,Electrical,units
134,Approach Part,Chemical,kg
135,Dog Part,Mechanical,units
136,Hear Part,Electrical,liters
137,Role Part,Mechanical,units
138,Hear Part,Chemical,liters
139,Kitchen Part,Electrical,liters
140,Share Part,Electrical,liters
141,Economy Part,Chemical,kg
142,Agree Part,Mechanical,kg
143,Pattern Part,Mechanical,units
144,Reason Part,Mechanical,liters
145,Such Part,Electrical,units
146,Technology Part,Electrical,liters
147,History Part,Mechanical,kg
148,Ahead Part,Mechanical,liters
149,Food Part,Electrical,kg
150,Pay Part,Electrical,kg
151,Fill Part,Electrical,liters
152,Food Part,Mechanical,kg
153,Piece Part,Electrical,units
154,Bad Part,Chemical,kg
155,Bill Part,Chemical,units
156,Rich Part,Electrical,liters
157,Support Part,Electrical,units
158,Money Part,Chemical,kg
159,Attorney Part,Electrical,liters
160,Continue Part,Electrical,liters
161,Science Part,Chemical,liters
162,Think Part,Mechanical,units
163,Follow Part,Mechanical,units
164,Idea Part,Chemical,kg
165,Summer Part,Chemical,liters
166,Really Part,Electrical,liters
167,Teacher Part,Electrical,units
168,Enough Part,Mechanical,units
169,Far Part,Mechanical,kg
170,Color Part,Mechanical,kg
171,Remain Part,Chemical,liters
172,Control Part,Chemical,kg
173,Move Part,Chemical,kg
174,Process Part,Electrical,kg
175,These Part,Mechanical,kg
176,Pretty Part,Mechanical,liters
177,Beautiful Part,Chemical,liters
178,Hot Part,Electrical,kg
179,Final Part,Electrical,kg
180,Available Part,Mechanical,units
181,Conference Part,Mechanical,units
182,Involve Part,Electrical,liters
183,Instead Part,Electrical,units
184,Property Part,Chemical,units
185,Left Part,Mechanical,units
186,Suffer Part,Chemical,liters
187,Already Part,Mechanical,liters
188,Perhaps Part,Electrical,units
189,Pressure Part,Chemical,liters
190,Book Part,Chemical,liters
191,Trip Part,Chemical,liters
192,Management Part,Chemical,units
193,Participant Part,Chemical,units
194,Speech Part,Electrical,kg
195,Usually Part,Mechanical,kg
196,Trial Part,Electrical,kg
197,Energy Part,Mechanical,units
198,Rest Part,Electrical,liters
199,Perform Part,Mechanical,kg
200,Quite Part,Chemical,kg
201,Hospital Part,Electrical,units
202,Everything Part,Chemical,units
203,Behavior Part,Mechanical,units
204,Let Part,Mechanical,liters
205,Detail Part,Chemical,liters
206,Quite Part,Chemical,kg
207,Mean Part,Mechanical,kg
208,Respond Part,Chemical,liters
209,Thought Part,Electrical,kg
210,Onto Part,Electrical,kg
211,Require Part,Chemical,kg
212,Street Part,Mechanical,units
213,Pick Part,Mechanical,units
214,Include Part,Chemical,liters
215,Man Part,Electrical,units
216,Should Part,Mechanical,units
217,Security Part,Mechanical,units
218,Win Part,Chemical,kg
219,Sing Part,Electrical,kg
220,Method Part,Chemical,units
221,Nation Part,Electrical,liters
222,Ability Part,Electrical,liters
223,Already Part,Mechanical,units
224,I Part,Chemical,kg
225,Focus Part,Electrical,liters
226,Wear Part,Electrical,liters
227,Later Part,Chemical,liters
228,Safe Part,Electrical,kg
229,Few Part,Mechanical,liters
230,Finish Part,Mechanical,kg
231,Each Part,Mechanical,units
232,Service Part,Mechanical,units
233,Avoid Part,Mechanical,kg
234,Where Part,Chemical,units
235,Security Part,Electrical,kg
236,Tend Part,Chemical,units
237,Manage Part,Electrical,units
238,Indicate Part,Mechanical,liters
239,Week Part,Chemical,liters
240,Change Part,Electrical,kg
241,Politics Part,Electrical,kg
242,Voice Part,Chemical,units
243,Degree Part,Electrical,liters
244,Free Part,Mechanical,liters
245,Huge Part,Chemical,units
246,Future Part,Chemical,liters
247,Though Part,Electrical,liters
248,Mouth Part,Electrical,liters
249,Reach Part,Electrical,kg
250,Study Part,Chemical,liters
251,Off Part,Chemical,units
252,Ahead Part,Chemical,liters
253,One Part,Mechanical,units
254,Reach Part,Electrical,kg
255,Specific Part,Chemical,liters
256,Character Part,Chemical,units
257,Talk Part,Mechanical,liters
258,Act Part,Chemical,units
259,Opportunity Part,Mechanical,kg
260,Idea Part,Electrical,units
261,Its Part,Chemical,liters
262,Eye Part,Electrical,kg
263,Program Part,Mechanical,kg
264,Assume Part,Chemical,liters
265,Social Part,Electrical,liters
266,Fast Part,Electrical,kg
267,Tell Part,Electrical,units
268,Central Part,Mechanical,units
269,Church Part,Electrical,liters
270,Money Part,Mechanical,kg
271,President Part,Chemical,units
272,Game Part,Electrical,liters
273,Suggest Part,Mechanical,units
274,News Part,Electrical,liters
275,Her Part,Mechanical,kg
276,Quickly Part,Chemical,units
277,Same Part,Chemical,units
278,Society Part,Electrical,kg
279,Performance Part,Mechanical,liters
280,Seven Part,Electrical,liters
281,Other Part,Electrical,units
282,Never Part,Chemical,liters
283,Tonight Part,Mechanical,units
284,Enjoy Part,Electrical,units
285,Vote Part,Chemical,kg
286,Single Part,Mechanical,units
287,Go Part,Mechanical,liters
288,Brother Part,Electrical,units
289,Test Part,Electrical,liters
290,Tv Part,Chemical,units
291,Help Part,Chemical,kg
292,Finally Part,Mechanical,kg
293,Improve Part,Chemical,liters
294,Gas Part,Mechanical,units
295,Customer Part,Electrical,liters
296,As Part,Electrical,kg
297,Speak Part,Electrical,liters
298,Heavy Part,Chemical,liters
299,Smile Part,Chemical,liters
300,World Part,Chemical,liters
301,Where Part,Chemical,liters
302,International Part,Electrical,kg
303,Course Part,Electrical,kg
304,Next Part,Electrical,units
305,Happen Part,Chemical,liters
306,Want Part,Chemical,kg
307,Party Part,Mechanical,units
308,Anything Part,Mechanical,kg
309,Who Part,Electrical,units
310,Man Part,Chemical,units
311,Even Part,Chemical,units
312,Probably Part,Chemical,liters
313,Player Part,Chemical,liters
314,Themselves Part,Chemical,units
315,None Part,Electrical,units
316,Position Part,Chemical,liters
317,Upon Part,Electrical,kg
318,Executive Part,Chemical,liters
319,Beautiful Part,Chemical,liters
320,Concern Part,Chemical,units
321,Guy Part,Chemical,units
322,Listen Part,Electrical,liters
323,City Part,Chemical,liters
324,Have Part,Electrical,liters
325,Try Part,Chemical,units
326,Picture Part,Chemical,liters
327,Change Part,Electrical,liters
328,Better Part,Chemical,kg
329,Environmental Part,Mechanical,liters
330,Amount Part,Electrical,units
331,Us Part,Chemical,liters
332,Serve Part,Electrical,units
333,Never Part,Electrical,liters
334,Season Part,Electrical,units
335,Prepare Part,Electrical,units
336,Alone Part,Chemical,units
337,Source Part,Chemical,liters
338,However Part,Electrical,kg
339,Though Part,Mechanical,units
340,Go Part,Mechanical,units
341,Stay Part,Chemical,units
342,Mrs Part,Mechanical,kg
343,Young Part,Chemical,kg
344,Continue Part,Electrical,liters
345,At Part,Chemical,units
346,Low Part,Electrical,units
347,Three Part,Chemical,units
348,Television Part,Electrical,liters
349,Bar Part,Electrical,kg
350,Green Part,Mechanical,liters
351,Herself Part,Chemical,units
352,Relationship Part,Electrical,liters
353,Property Part,Mechanical,units
354,Because Part,Mechanical,units
355,Allow Part,Mechanical,kg
356,Cost Part,Mechanical,units
357,Moment Part,Electrical,kg
358,Involve Part,Chemical,liters
359,Politics Part,Electrical,kg
360,Red Part,Chemical,liters
361,Protect Part,Mechanical,liters
362,Gun Part,Chemical,units
363,Late Part,Chemical,kg
364,Near Part,Chemical,kg
365,Apply Part,Mechanical,units
366,Knowledge Part,Electrical,liters
367,Success Part,Mechanical,kg
368,Human Part,Electrical,units
369,Foreign Part,Electrical,kg
370,Level Part,Chemical,liters
371,Example Part,Chemical,kg
372,Rich Part,Electrical,kg
373,Bring Part,Electrical,kg
374,Issue Part,Mechanical,units
375,Political Part,Mechanical,units
376,Toward Part,Electrical,units
377,Audience Part,Electrical,kg
378,Sense Part,Mechanical,liters
379,Bed Part,Chemical,liters
380,Everybody Part,Chemical,liters
381,Build Part,Chemical,liters
382,Guy Part,Mechanical,liters
383,Might Part,Electrical,kg
384,Of Part,Mechanical,units
385,Crime Part,Electrical,kg
386,Resource Part,Electrical,liters
387,Condition Part,Mechanical,liters
388,Point Part,Mechanical,kg
389,Street Part,Mechanical,liters
390,Price Part,Mechanical,liters
391,Worker Part,Mechanical,units
392,Dog Part,Electrical,kg
393,Husband Part,Mechanical,units
394,Want Part,Chemical,liters
395,Current Part,Chemical,kg
396,Congress Part,Electrical,liters
397,Everything Part,Electrical,units
398,Color Part,Mechanical,units
399,Heart Part,Mechanical,kg
400,Sport Part,Mechanical,liters
401,Make Part,Chemical,liters
402,Task Part,Chemical,units
403,Truth Part,Chemical,kg
404,Fly Part,Electrical,units
405,Very Part,Electrical,liters
406,Class Part,Electrical,liters
407,True Part,Electrical,liters
408,Billion Part,Mechanical,liters
409,But Part,Chemical,units
410,Lose Part,Electrical,units
411,Speech Part,Mechanical,liters
412,Describe Part,Mechanical,units
413,Data Part,Electrical,liters
414,Hot Part,Chemical,units
415,Police Part,Mechanical,liters
416,Something Part,Electrical,kg
417,Throughout Part,Mechanical,liters
418,Your Part,Electrical,liters
419,Key Part,Chemical,units
420,Charge Part,Chemical,kg
421,Floor Part,Electrical,kg
422,Use Part,Mechanical,units
423,Purpose Part,Electrical,kg
424,It Part,Chemical,kg
425,Magazine Part,Mechanical,liters
426,Family Part,Electrical,units
427,Tv Part,Electrical,liters
428,Wonder Part,Chemical,units
429,Past Part,Mechanical,units
430,Education Part,Chemical,kg
431,Late Part,Chemical,units
432,Audience Part,Chemical,liters
433,Investment Part,Mechanical,units
434,Until Part,Chemical,units
435,Position Part,Chemical,liters
436,Main Part,Mechanical,kg
437,Throughout Part,Chemical,units
438,Plant Part,Mechanical,kg
439,Half Part,Chemical,units
440,Probably Part,Mechanical,units
441,Set Part,Chemical,units
442,Arm Part,Chemical,units
443,Late Part,Mechanical,units
444,Fall Part,Electrical,units
445,Fire Part,Electrical,liters
446,Stop Part,Mechanical,units
447,Side Part,Chemical,kg
448,Nature Part,Mechanical,liters
449,All Part,Mechanical,liters
450,Citizen Part,Electrical,units
451,Hour Part,Electrical,units
452,Five Part,Electrical,liters
453,Class Part,Electrical,units
454,After Part,Electrical,units
455,Free Part,Mechanical,kg
456,Cut Part,Electrical,kg
457,Wind Part,Electrical,kg
458,Indeed Part,Chemical,units
459,Culture Part,Chemical,liters
460,Building Part,Electrical,units
461,Act Part,Mechanical,kg
462,Expect Part,Mechanical,kg
463,Share Part,Mechanical,units
464,Report Part,Electrical,units
465,House Part,Mechanical,kg
466,Wish Part,Chemical,liters
467,Want Part,Mechanical,kg
468,South Part,Chemical,units
469,The Part,Chemical,kg
470,Clear Part,Chemical,liters
471,Social Part,Mechanical,kg
472,Five Part,Electrical,units
473,Market Part,Mechanical,kg
474,Always Part,Chemical,liters
475,Assume Part,Chemical,units
476,Light Part,Chemical,units
477,Turn Part,Mechanical,units
478,Affect Part,Chemical,liters
479,Receive Part,Mechanical,units
480,Street Part,Mechanical,kg
481,Record Part,Electrical,liters
482,Family Part,Electrical,kg
483,Purpose Part,Mechanical,liters
484,Institution Part,Electrical,liters
485,Enter Part,Mechanical,units
486,Under Part,Chemical,kg
487,Kid Part,Mechanical,liters
488,Discussion Part,Electrical,liters
489,Economy Part,Mechanical,units
490,Officer Part,Electrical,units
491,Inside Part,Mechanical,kg
492,Add Part,Electrical,units
493,Security Part,Mechanical,liters
494,Strong Part,Mechanical,units
495,Law Part,Electrical,liters
496,Which Part,Mechanical,liters
497,Happy Part,Electrical,kg
498,Again Part,Mechanical,kg
499,General Part,Electrical,units
500,Cause Part,Mechanical,liters
