operator_id,name,experience_years,department
1,Michelle Jones,7,Welding
2,Ashley Moore,20,Welding
3,Kimberly Barnes,15,Welding
4,Rebecca Smith,11,Assembly
5,Jamie Patel,8,QA
6,Debra Ortega MD,7,Assembly
7,Joseph Harris,19,Assembly
8,Raymond Chambers,11,Welding
9,Michael Rogers,11,Assembly
10,Mr. Kelly Smith,4,QA
11,Morgan Miller,8,Assembly
12,Holly Allen,3,Assembly
13,Sara Wright,2,QA
14,Edward Reyes,12,Packaging
15,David Washington,6,Assembly
16,Sean Henson,2,QA
17,Lori Chandler,1,Assembly
18,Michael Berry,12,QA
19,Daniel Noble,12,Assembly
20,Michael Gonzalez,17,Assembly
21,Scott Taylor,10,Packaging
22,Kevin Harris,16,Assembly
23,Gail Nolan,15,Welding
24,Daniel Fernandez,15,Assembly
25,Erin Brown,19,Assembly
26,Caitlyn Bullock,12,QA
27,Courtney Thomas,20,Assembly
28,Wesley Chavez,3,Packaging
29,Ryan Smith,5,Assembly
30,Mr. Jonathan Stokes,19,Assembly
31,Christopher Rowe,7,Welding
32,Daniel Murphy,9,Welding
33,Joseph Skinner,7,Welding
34,Elizabeth Simpson,18,Packaging
35,Jimmy Williams,4,QA
36,Matthew Case,14,Welding
37,Richard Rios,18,Assembly
38,Vincent Espinoza,9,Welding
39,Erin Martin,2,QA
40,Wendy Ramos,20,Assembly
41,Jennifer Stewart,15,QA
42,Jennifer Wright,7,QA
43,James Wood,12,Welding
44,Julie Yang,8,Packaging
45,Melanie Morgan,15,QA
46,Brian Clayton,3,Assembly
47,James Barnes,14,Packaging
48,James Rodriguez,17,Packaging
49,Kristen Ray,4,Welding
50,James Davis,18,Packaging
51,Vicki Cardenas,8,QA
52,Mary Murphy,4,Assembly
53,Mr. James Robertson,2,Assembly
54,Caroline Wilkinson,6,Welding
55,Jennifer Deleon,10,Assembly
56,Bradley Schwartz,4,Packaging
57,Gregory Levy,18,Welding
58,Christy Jones,12,Welding
59,Kyle Nichols,2,Packaging
60,Elizabeth Smith,10,QA
61,Brandon Prince,4,Welding
62,Jennifer White,14,Packaging
63,Susan Lane,16,Welding
64,Andrew Ryan,15,Assembly
65,Jacqueline Allen,8,Welding
66,Joseph Wilson,14,QA
67,Melissa Kim,8,Welding
68,Sara Kim,16,QA
69,Bobby Webb,13,Welding
70,Kimberly Phelps,18,Assembly
71,Haley Sullivan,15,Packaging
72,Tamara Robinson,13,Assembly
73,Karen Potter,9,Packaging
74,Susan Hernandez,15,Packaging
75,Jason Caldwell,13,Packaging
76,Michael Diaz,1,Assembly
77,Wesley Ward,7,Packaging
78,Juan Cannon,9,Welding
79,Julia Gonzalez,1,Packaging
80,Kelsey Cunningham,12,Assembly
81,Dr. Courtney Williams,8,QA
82,Barry Smith,11,Assembly
83,Marcus Moreno,19,QA
84,Stephanie Lucero,17,Assembly
85,Denise Brennan,8,Assembly
86,Charles Garcia,3,Welding
87,Phyllis Lewis,3,QA
88,Bradley Gonzales,1,Welding
89,Christian Barrett,5,Welding
90,Craig Campbell,10,Welding
91,Chelsea Stevens,7,Packaging
92,Jeffery Perez,9,Assembly
93,Austin Nguyen,7,Packaging
94,Joshua Sandoval,9,Welding
95,Paul Olsen,8,QA
96,Robert Hayes,12,QA
97,Mariah Weaver,2,Welding
98,Emily Martinez,1,QA
99,Jason Douglas,16,Welding
100,Anita Harrison,5,Packaging
101,Tommy Owens,3,Welding
102,Nicholas Mcclure MD,12,Assembly
103,David Garcia,8,Welding
104,Nathaniel Butler,3,Assembly
105,Caitlin Jackson,1,Assembly
106,Zachary Parker,3,QA
107,Tina Lewis,5,Packaging
108,Martha Silva,15,QA
109,Sarah Boone,14,Welding
110,Brittany Poole,3,QA
111,Michael Hamilton DVM,1,QA
112,Matthew Kerr,5,QA
113,Brian Welch,14,QA
114,Beth Carpenter,7,Welding
115,Casey Beck,9,Welding
116,Amy Johnson,15,Assembly
117,Brian Cooper,15,QA
118,Diane Michael,10,QA
119,Anthony Hill,13,Packaging
120,Dana Smith,19,Assembly
121,Alicia Smith,7,Welding
122,Sandra Smith,17,Packaging
123,Michelle Norton,20,Packaging
124,Kelly Cline,4,Assembly
125,Marissa Graves,5,QA
126,Robert Dillon,7,Welding
127,Robert Lopez,13,Packaging
128,Karen Clark,15,Assembly
129,Jeffery Hill,11,Welding
130,Anthony Butler,4,Assembly
131,Rodney Mccall,13,Welding
132,Nathan Sutton,7,Assembly
133,Katie Roberts,19,Packaging
134,Kelly Jackson,2,Packaging
135,Robin Oconnor MD,10,Packaging
136,David Taylor,13,Welding
137,Olivia Gordon,6,QA
138,Ronald Campos,12,Welding
139,Amanda Mccullough,12,Assembly
140,Jackson Martin,20,Assembly
141,Susan Fowler,11,Assembly
142,Gabriel Green,7,Welding
143,April Guerrero,1,Welding
144,Brent Simmons,1,Packaging
145,John Martinez,20,Welding
146,Richard Mcdonald,13,Packaging
147,Susan Russo,9,Packaging
148,Robert Rowe,3,Packaging
149,Victoria Camacho,7,QA
150,Victoria Schmidt,6,Assembly
151,Tammy Thomas,8,Packaging
152,Stacie Davidson,9,Packaging
153,Kenneth Brown,5,Welding
154,Derrick Russell,1,Packaging
155,Jeremy Hudson,19,Welding
156,Jeremy Martin,10,Assembly
157,Brandon Page,12,Packaging
158,Theresa Chan,15,Welding
159,Caitlyn Hernandez,9,Assembly
160,Casey Strickland,20,Packaging
161,Dawn Shepherd,17,Assembly
162,Jonathan Clark DVM,17,Assembly
163,Scott Jones,20,Packaging
164,Wayne Francis,12,Packaging
165,Chase Hill,7,Assembly
166,Andrea Roberts,2,Welding
167,Janice Meyer,3,Assembly
168,Jeremiah Ferguson,17,Packaging
169,Andrea Pierce,5,Welding
170,Tina Moore,17,Welding
171,Loretta Smith,17,QA
172,Sarah Clarke,17,QA
173,Richard Hall,2,Assembly
174,David Stewart,2,QA
175,Ashley Carter,5,Assembly
176,Robert Ruiz,1,Assembly
177,Sara Bonilla,1,QA
178,Ashley Williams,19,QA
179,John Alexander,2,Welding
180,Erica Gonzales,12,Welding
181,Mary Ortiz,6,Welding
182,Isaac Martinez,4,Packaging
183,Michelle Hoffman,11,Assembly
184,Stacy Richardson,17,Assembly
185,Douglas Vaughn,6,Packaging
186,John Mendoza,5,QA
187,Rita Cochran,20,Welding
188,Jennifer Medina,2,QA
189,Sherry Serrano,6,QA
190,Daniel Monroe,11,Assembly
191,Tiffany Evans,16,QA
192,Dawn Young,16,Assembly
193,John Mays,1,Welding
194,George Fuller,9,Welding
195,Edward Holloway,6,Packaging
196,James Burton,16,Packaging
197,Elizabeth Martin,3,Packaging
198,Daniel Brown,20,Packaging
199,Kenneth Tapia,4,Assembly
200,Rebecca Ramos,19,Welding
201,Wesley Luna,3,Assembly
202,Melinda Johnson,19,Welding
203,Matthew Murphy,20,QA
204,Keith Henry,7,Packaging
205,Bradley Pham,20,Welding
206,Darlene Campbell,9,QA
207,Nicole Mcdonald,1,QA
208,Aaron Jones,8,Assembly
209,Christine Garza,7,Assembly
210,Thomas Sanchez,18,Assembly
211,Andrew Meyer,8,Welding
212,Daniel Berger,1,QA
213,Derek Adams,11,Welding
214,Kendra Kim,18,Assembly
215,Danielle Smith,10,QA
216,Daisy Nunez,3,Packaging
217,Mary Wright,7,QA
218,Miranda Clark,16,QA
219,Mr. Mark Simpson MD,16,Packaging
220,Caitlyn Frey,20,QA
221,Lori Evans,17,Welding
222,Tami Wagner,2,Welding
223,Andrew Scott,1,Welding
224,James Adams,16,QA
225,Tina Turner,12,Welding
226,Julia Moore,5,Assembly
227,Mrs. Veronica Cook,5,Assembly
228,Andrew Mcneil,9,Packaging
229,Robert Boyd,9,Packaging
230,Rhonda Burton,3,Packaging
231,Jamie Mccullough,19,Assembly
232,Cynthia Brown,16,Welding
233,Michelle Zavala MD,16,Packaging
234,Cheryl Thompson,3,Packaging
235,Amy Turner,20,Assembly
236,Christopher Rojas,1,QA
237,Susan Moore,20,Assembly
238,Rodney Carlson,11,QA
239,Jessica Rhodes,17,QA
240,John Holt,8,Welding
241,Vincent Brown,4,Welding
242,Karen Wang,6,Packaging
243,Walter White,8,Welding
244,Glenn Munoz,20,QA
245,Jonathan Roberts,3,QA
246,Katherine Rodgers,16,Packaging
247,Paula Hernandez,3,QA
248,Christina White,18,Welding
249,Ashlee Morgan,14,Packaging
250,Danielle Gregory MD,18,Packaging
251,Mary Brooks,2,Assembly
252,Brandon Rosario,3,Assembly
253,Kimberly Williams,16,Assembly
254,Frank Johnston,9,QA
255,Emily Baker,4,Packaging
256,Daniel Mendez,1,Welding
257,Joseph Black,4,Welding
258,Tiffany Davis,1,Assembly
259,Tammy Pierce MD,14,Assembly
260,Patricia Gould,16,Packaging
261,Wendy Miller,20,Packaging
262,Patricia Garcia,8,Welding
263,Melissa Taylor,7,Assembly
264,Patricia Hoffman,3,Packaging
265,Diana Levine,17,Packaging
266,Kelly Fletcher,1,Packaging
267,Jason Barber,16,Packaging
268,Cheryl Edwards,12,Welding
269,Monica Gill,19,QA
270,Karen Jones,14,Welding
271,James Flores,6,Assembly
272,Maurice Ellis,6,Assembly
273,Karen Jordan,13,Welding
274,Paul West,19,Packaging
275,Kimberly Mendez,8,Welding
276,John Romero,2,Welding
277,Danielle Khan,1,QA
278,Jared Rodriguez,15,QA
279,Jennifer Norton,1,Packaging
280,Katrina Palmer,5,Welding
281,Cassandra Hall,16,Assembly
282,Omar Marsh,19,Packaging
283,Ethan Brown,4,QA
284,Ruben White,3,Welding
285,Calvin Kerr,17,Packaging
286,Tanner Martin,17,Welding
287,Stacie Sanchez,12,QA
288,Heather Daugherty,14,Packaging
289,Erin Sanchez,6,Packaging
290,Lauren Hunter MD,3,QA
291,Ian Hansen,9,QA
292,Julie Turner,5,Welding
293,Todd Hurley,17,QA
294,Brandy Dennis,14,Welding
295,Heather Knight,3,Welding
296,Gary Stewart,1,Welding
297,Jordan Pope,20,Welding
298,Krista Blackwell,1,Packaging
299,Felicia Palmer,3,Packaging
300,Russell Gray,18,Packaging
301,Jesse Hernandez Jr.,10,Assembly
302,Darlene Zimmerman,3,Assembly
303,Margaret Burnett,8,QA
304,Roger Murray,14,Packaging
305,Erik Williams,18,Assembly
306,Robin Brown,15,Assembly
307,Kimberly Bryant,2,Assembly
308,Gwendolyn Martin,10,QA
309,Rebecca Watts,2,Assembly
310,David Franklin,17,QA
311,April Fowler,8,QA
312,George Lewis,1,QA
313,Vernon Miller,9,Assembly
314,Paige Chavez,11,Packaging
315,Veronica Barton DDS,16,QA
316,Charles Marshall,7,Assembly
317,Pamela Myers,10,Packaging
318,Crystal Anderson,3,Assembly
319,Stephen Khan,18,QA
320,Pamela Riley,13,QA
321,Brian Morales,7,QA
322,Edward Ramirez,4,Assembly
323,Michelle Anderson,13,Packaging
324,Cheyenne Dixon,20,Packaging
325,Rebecca Miller,1,Welding
326,Angelica Pearson,8,Assembly
327,Steven Baker,14,Packaging
328,Dylan Martinez,16,Packaging
329,Elizabeth Jackson,14,Welding
330,Jacqueline Burgess,12,Packaging
331,Michael Parker,19,Welding
332,Charles Carr,15,Packaging
333,Brenda Fernandez,2,QA
334,Ann Cummings,2,Packaging
335,Tyler Shelton,19,QA
336,Jason Waters,17,Packaging
337,David Bryan,20,QA
338,Amanda Myers,10,QA
339,Jacob Taylor,6,Packaging
340,Brandi Harrison,15,Packaging
341,Jennifer Beck,11,Packaging
342,Matthew Cook,5,Welding
343,Lisa Lewis,1,QA
344,Karen Wood,8,QA
345,Victoria Brown,12,QA
346,Kathleen Carroll,12,Assembly
347,Mrs. Lauren Padilla,5,Packaging
348,Amanda Hill,7,Welding
349,Allison Griffith,4,QA
350,Amber Chan,6,Welding
351,Diane Webb,13,Assembly
352,Michael Weaver,20,QA
353,Lori Cox,15,QA
354,Charles Leonard,3,Packaging
355,James Acosta,8,QA
356,Melissa Park,20,Packaging
357,Shannon Wright,16,QA
358,Gregory Miller,13,Assembly
359,Jessica Glass,18,Packaging
360,Michelle Robinson,10,QA
361,Michael Mclaughlin,19,Assembly
362,Karen Martinez,17,Packaging
363,Nicole Allen,19,Packaging
364,William Lee PhD,5,Assembly
365,Mark Mcconnell,9,Assembly
366,Erica Brown,12,Welding
367,Katherine Robinson,1,Assembly
368,Tracy Rush,1,QA
369,Donald Galloway,15,Packaging
370,Luis Cortez,2,Assembly
371,Taylor Benitez,16,QA
372,Nicole Barker,8,QA
373,Karen King,13,Welding
374,John Sutton,1,QA
375,Monica Ferguson,16,Assembly
376,Nicholas Moss,7,Packaging
377,Sherri Swanson,5,QA
378,Barbara Kaufman,3,Welding
379,Bradley Davidson,12,Assembly
380,Traci Walter,16,Welding
381,Linda Price,19,Packaging
382,Justin Stevens,5,Assembly
383,Michelle Morgan,14,Assembly
384,Andrew Hopkins,5,Packaging
385,Jason Bowman,15,QA
386,Anthony Coleman,17,Welding
387,Brian Poole,14,Welding
388,Brenda Wagner,20,Welding
389,Robin Carroll,5,Assembly
390,John Dillon,12,Packaging
391,Jesse Weiss,16,Packaging
392,Tracy Patel,16,Assembly
393,Kevin Wood,7,Packaging
394,Hayden Meyer,4,QA
395,Gregory Harrell,1,Packaging
396,Amy Thompson,5,Assembly
397,Mrs. Norma Harris,10,QA
398,Natasha Boyd,5,Welding
399,Jermaine Best,4,Assembly
400,Jordan Lewis,2,Welding
401,Joseph Daniels,20,Assembly
402,Barbara Skinner,10,Assembly
403,Marilyn Leonard,19,Packaging
404,April Weiss,1,Welding
405,Brandi Conrad,5,Assembly
406,James Anderson,13,Packaging
407,Karl Walker,4,Welding
408,David Byrd,16,Assembly
409,Karen Douglas,16,QA
410,Rachel Weaver,2,Assembly
411,Phyllis Evans,17,Welding
412,Mathew Alexander,20,Welding
413,Mary Freeman,12,QA
414,Kathy Thompson,18,Welding
415,Melissa Gonzales,3,Packaging
416,Nicholas Johnson,1,Packaging
417,Mandy Harper,1,Welding
418,Charles Duran,19,QA
419,Joseph Kelly,11,Packaging
420,Gina Olson,5,Assembly
421,Jasmine Crawford,12,QA
422,Brian Stevens,3,Packaging
423,Donna Hall,1,Welding
424,Dylan Gonzalez,1,Welding
425,Eric Pierce,8,QA
426,Luis Barajas,10,Welding
427,Lance Brown,11,Packaging
428,John Aguilar,12,Assembly
429,Daniel Montoya,13,Welding
430,James Moore,12,QA
431,Kirsten Valdez,14,Assembly
432,Morgan French,2,QA
433,Anthony Hill,19,Packaging
434,Derrick Oliver,18,Welding
435,Amanda Ramirez,3,Welding
436,Nicole Lam,17,QA
437,Carolyn Anderson,8,Assembly
438,Robert Lee,10,QA
439,Hannah Richard,2,Packaging
440,Raymond Solis DVM,19,Packaging
441,Jennifer Jackson,9,Assembly
442,John Lewis,7,Assembly
443,Elizabeth Reynolds,4,Assembly
444,David Horton,18,QA
445,Chad Stevenson,13,Welding
446,Jacob Morgan,11,QA
447,Tanya Chavez,4,Welding
448,Amy Mckenzie,4,Packaging
449,Elizabeth Smith,10,QA
450,Elizabeth Kane,5,Assembly
451,April Richmond,9,Packaging
452,Marisa Taylor,3,QA
453,Ruth Brown,17,QA
454,Allen White,3,Packaging
455,Alicia Hansen,16,Assembly
456,Roger Paul,4,Packaging
457,Wayne Alexander,18,QA
458,Christopher Baker,17,Welding
459,Tamara Crosby,7,QA
460,Henry Johnson,5,Packaging
461,Bryan Brown,12,QA
462,Timothy Johnson,17,Packaging
463,William Bishop,13,Packaging
464,Nathan Gordon,3,QA
465,Christopher Berger,9,Welding
466,Jeremy Scott,17,QA
467,Erika Davis,17,Welding
468,Matthew Smith,20,Assembly
469,Jean Cole,16,Welding
470,Richard Lopez,13,QA
471,Jeffrey Wright,19,Welding
472,Philip Foster,17,Packaging
473,Samantha Alexander,4,Assembly
474,Heather Martin,12,Welding
475,Daniel Ho,9,Packaging
476,Adam Flores,19,Welding
477,Timothy Solis,12,Packaging
478,Stacey Fields,9,Welding
479,Monica Rivera,7,Packaging
480,Melinda Jones,14,Assembly
481,Spencer Stephenson,20,QA
482,Jeanette Nichols,19,Packaging
483,David Butler,15,QA
484,Steven Huerta,16,Packaging
485,Sandra Thompson MD,5,QA
486,Todd Dominguez,3,QA
487,Andrew Bates,12,Assembly
488,James Parker,20,Welding
489,Samuel Leonard,4,Packaging
490,Samantha Ford,16,QA
491,Nicole Jordan,7,Welding
492,Gina Long,13,QA
493,Anita James,10,Assembly
494,Latasha Proctor,7,Welding
495,Melissa Wilson,14,QA
496,Denise Sanchez,5,Assembly
497,Kimberly Griffin,3,Assembly
498,Chelsea Moore,11,QA
499,Colleen Sparks,11,Packaging
500,Michael Reid,18,Packaging
501,Mariah Fisher,15,Welding
502,Nicole House,12,Welding
503,Madeline Carter,9,Welding
504,Martin Wallace,10,QA
505,Valerie Burns,12,Packaging
506,Kristina Larsen,17,QA
507,Chad Jacobs,6,Welding
508,Michael Green,7,Welding
509,Dr. Diane Pierce,14,Packaging
510,Patricia Matthews,13,Welding
511,Kelly Holden,8,Assembly
512,Christopher Ruiz,10,Assembly
513,Walter Logan,9,Welding
514,Alexander Lewis,18,Packaging
515,Elizabeth Stone,2,Packaging
516,Steven Cabrera,5,Welding
517,Elaine Thomas,5,Packaging
518,Jeff Johnson,6,Packaging
519,Holly Holmes,19,Packaging
520,Nancy Bond,8,QA
521,Jesse Jackson,16,Packaging
522,Daniel Schwartz,13,QA
523,Lori Rogers,1,Packaging
524,Danielle Moore,20,Assembly
525,Lisa Durham,17,QA
526,Michael Bender,7,Packaging
527,Jeanette Hudson,13,QA
528,James Perez,4,Packaging
529,Edgar Merritt,4,Assembly
530,Jordan Alvarado,6,Welding
531,Dr. Brett Moore MD,19,QA
532,Ms. Lisa Kirk DDS,12,Packaging
533,Natasha Mcbride MD,7,Packaging
534,Richard Rivera,10,Assembly
535,Connie Richmond,19,Welding
536,Jon Frazier,7,QA
537,Nicholas Harris DDS,3,QA
538,Tami Gilbert,13,Welding
539,Lisa Martin,13,QA
540,Amanda Lawson,18,Welding
541,Kathy Miller,20,QA
542,Gabriel Mason,8,Welding
543,Jesse Moore,9,Assembly
544,Maria Adams,7,Assembly
545,Lisa Marsh,1,Assembly
546,Teresa Clark,3,QA
547,Melanie Johnson,13,Assembly
548,Cindy Carpenter,17,Welding
549,Antonio Ramirez,1,Packaging
550,Brian Hicks,6,QA
551,Christian Hill,6,Welding
552,Kathryn Hunt,12,Welding
553,Michelle Harrison,13,Assembly
554,Dana Jordan,13,Packaging
555,Joseph Burke,15,QA
556,Kimberly Young,16,Welding
557,Caitlyn Hernandez,11,Welding
558,Paul Silva,5,QA
559,Maria Morgan,4,QA
560,Cheryl Sanchez,3,Assembly
561,Chelsea Sparks,19,QA
562,Peter Morgan,20,Welding
563,Kristopher Burns,18,Packaging
564,Sophia Hernandez,15,Welding
565,Jamie Scott,9,Packaging
566,Jared Benjamin,17,QA
567,Elizabeth Johnson,14,QA
568,Matthew Vance,15,Welding
569,Kevin Gilmore,1,Assembly
570,Jay Ramos,3,QA
571,Laurie Flores,16,Packaging
572,Joanne Olson,11,QA
573,Dr. Amber Jones DVM,12,Assembly
574,Debra Parker,10,Assembly
575,John Newman,16,Assembly
576,Dorothy Sanchez,8,Assembly
577,Katrina Villa,6,Packaging
578,Scott Baker,12,Welding
579,Heather Blair,8,Packaging
580,William Estrada,4,QA
581,Margaret Carter,8,QA
582,Daniel Davis II,18,QA
583,Charles Faulkner,5,Packaging
584,Courtney Proctor,9,Welding
585,James Harris,4,Welding
586,Duane Nichols,17,Assembly
587,Janet Allen,9,Packaging
588,Cynthia Williams,1,Welding
589,Kimberly Robinson,20,Welding
590,Melissa Gilbert,13,Assembly
591,Joseph Sullivan,16,QA
592,Brittany Rivera,13,Assembly
593,Julie Wood,14,Welding
594,Rachel Miller,3,Welding
595,Carlos Owens,6,Welding
596,Willie Ferguson,18,QA
597,Betty Rodriguez,19,Welding
598,Pamela Adams,5,QA
599,Karen Lee,15,Assembly
600,Keith Mcpherson,2,Assembly
601,Mary Edwards,10,Welding
602,Melissa Tucker,18,Welding
603,Justin Stanton,13,Welding
604,Sabrina Watson,5,QA
605,Dr. Patricia Miller DVM,1,Packaging
606,Jenny Wilkerson,1,Welding
607,Jesse Jackson,18,Packaging
608,Paul Johnson,15,Welding
609,Laura Martin,17,Packaging
610,Elizabeth Davis,11,QA
611,Daryl Gallagher,17,Packaging
612,Michael Newton,13,QA
613,Kenneth Leonard,1,Welding
614,Meagan Deleon,2,Packaging
615,Danielle Paul,9,Assembly
616,Thomas Gomez,3,Assembly
617,Joshua Caldwell,1,Packaging
618,Patricia Carter,16,Packaging
619,Maureen Flores,6,Assembly
620,Matthew Olson,17,Welding
621,Eric Moore,5,Packaging
622,Melissa Cooper,5,Welding
623,Nicholas Smith,6,Welding
624,Kenneth Moore,3,QA
625,Jennifer Sanders,5,QA
626,Heather Reeves,5,Assembly
627,David Carter,10,Packaging
628,David Moreno,10,Welding
629,Elizabeth Cole,19,Packaging
630,Angel Monroe,17,Packaging
631,Kevin Cochran,14,Packaging
632,James Crane,9,Assembly
633,Kevin Beck,14,Assembly
634,Jesse Moreno,1,Packaging
635,Cassandra Hanson,19,Packaging
636,Paul Mckee,13,Welding
637,Chloe Warner,13,Assembly
638,Zachary Ford,4,QA
639,Sydney Adams,1,Assembly
640,Cameron Burns,17,Packaging
641,Travis Francis,8,Welding
642,Gary Castillo,2,Packaging
643,Robert Harris,8,QA
644,Katie Zimmerman,7,Packaging
645,Richard Wu,2,Welding
646,Tyler Ramsey,3,Packaging
647,Dylan Wilson,18,Packaging
648,Robert Jones,12,Assembly
649,Jessica Flores,1,QA
650,Dawn Strickland,12,Welding
651,Sherry Johnson,5,QA
652,Jennifer Welch,17,Assembly
653,James Esparza,16,Packaging
654,David Lopez,15,Assembly
655,Mr. Joseph Goodwin,15,Packaging
656,David Ortiz,5,QA
657,Amy Mendoza,14,Welding
658,Rita Martinez,2,Packaging
659,Walter Mathis,11,Welding
660,Bonnie Payne,19,QA
661,Vernon Crane,7,Packaging
662,Heather Long,6,QA
663,Scott Allen,2,Welding
664,Joshua Mejia,6,QA
665,David Shepard,18,Packaging
666,Krystal Maldonado,2,Packaging
667,Kimberly Martin,18,Welding
668,Andre Morris,15,Assembly
669,Melissa Mcintosh,19,Welding
670,Brian Choi,2,Assembly
671,Don Anderson,20,Welding
672,Cassidy Barr,6,QA
673,Charles Richardson,1,Packaging
674,Laura Martin,15,QA
675,Randall Rojas,10,Welding
676,Katie Munoz,19,Assembly
677,Daniel King,17,QA
678,Natalie Smith,5,Packaging
679,Lauren Grant,4,QA
680,Leslie Strong,10,Packaging
681,Desiree Knight,17,QA
682,Randy Schwartz,10,QA
683,Brian Obrien,17,Assembly
684,Mark Smith,20,Welding
685,Claudia Sanchez,5,Welding
686,Brandy Sutton,2,Assembly
687,Felicia Shields,6,Assembly
688,Matthew Fisher,2,Packaging
689,Yvonne Fox,13,Packaging
690,Hannah Cook,11,Packaging
691,Mark Allison,11,Welding
692,Miss Nicole Hall,16,Welding
693,Paul Brock,11,Packaging
694,Kevin Rivera,19,Welding
695,Tyler Stevens,15,Assembly
696,Jordan Moore,16,QA
697,Patricia Duncan,11,Welding
698,Michelle Figueroa,16,Packaging
699,Brian Crawford,8,Packaging
700,Johnathan Davis,4,QA
701,Natasha Peterson,8,Welding
702,Evelyn Mckenzie,4,Welding
703,Lauren Graves,3,Packaging
704,Tammie Kerr,3,QA
705,Michael Smith,18,Packaging
706,Jeremy Johnson,19,Welding
707,Tyler Price,19,QA
708,Emily Camacho,5,Welding
709,Angela Smith,18,QA
710,Mary Brown,10,Welding
711,John Miller,6,Welding
712,Gail Velasquez,1,Assembly
713,Brandi Cordova,5,Packaging
714,Jamie Taylor,9,QA
715,Dakota Davis,12,QA
716,Kelly Adams,14,QA
717,Wayne Nunez,2,Welding
718,Amanda Armstrong,17,Welding
719,James Alvarado,14,Welding
720,Jacqueline Vega,13,Assembly
721,Timothy Levine,9,Welding
722,Nicole Riggs,15,Welding
723,Stephen Jenkins,15,QA
724,Joseph Mills,11,Assembly
725,Jose Nash,16,Welding
726,Kelly Clark,17,Assembly
727,Matthew Bowman,4,QA
728,Gavin Park,1,Assembly
729,Kristy Rhodes,8,Assembly
730,Ryan Nolan,17,Packaging
731,James Deleon,3,Assembly
732,Angela Brown,20,Welding
733,Todd Sanders,15,Packaging
734,Anna Christian,15,QA
735,Jaclyn Smith,14,QA
736,Kyle Weaver,14,QA
737,Megan Pena,2,Welding
738,Tammy Oneill,13,Assembly
739,Jared Richardson,14,Assembly
740,Brianna Hansen,19,Assembly
741,Jennifer Stephens,7,Packaging
742,Julie Martinez,3,Welding
743,Mrs. Cheryl Morris,15,Welding
744,Amber Porter,14,Packaging
745,Kayla Wright,11,Assembly
746,Robert Gutierrez,15,QA
747,Cristina Thomas,13,Packaging
748,Lauren Cobb,18,Packaging
749,Tammy Bush,6,QA
750,Amanda Wiggins,3,Welding
751,Dominique Knight,19,Welding
752,David Thompson,15,Welding
753,Daniel Jones,5,Welding
754,Bryan Reed,10,Assembly
755,Jodi Jenkins,7,Assembly
756,Jamie Taylor,17,Welding
757,Danny Anderson,7,Assembly
758,Gary Welch,12,QA
759,Kristina Short,17,Packaging
760,Taylor Molina,13,Packaging
761,Seth Hunter,20,Assembly
762,Randy Blair,4,Welding
763,Michael Green,10,Packaging
764,Crystal Pierce,3,Packaging
765,Brittany Vaughn,9,QA
766,Robert Patterson,13,QA
767,Karen Johnson,18,Packaging
768,Tammy Miller,15,Assembly
769,Tanya Turner,4,Welding
770,Daniel Merritt,15,Packaging
771,Christina Griffin,2,QA
772,Crystal Roberts,15,QA
773,Haley Rice,8,QA
774,Joseph Combs PhD,8,QA
775,Thomas Horn,17,Packaging
776,Scott Dillon,12,Packaging
777,Mark Allen,19,Welding
778,Pamela Smith,10,Packaging
779,Travis Nolan,9,Packaging
780,Brittany Jones,5,Packaging
781,Amanda Taylor,6,Packaging
782,David Carter,20,Assembly
783,Michael Williams,2,Welding
784,Charles Maddox,13,QA
785,Elizabeth Murphy,6,Welding
786,Amy Good,5,Assembly
787,Jason Robinson,1,Welding
788,Adrian Lee,6,Welding
789,Candace Howell,6,Assembly
790,Amy Rodriguez,16,Welding
791,Steven Anderson,4,Welding
792,Lauren Jacobs,11,Welding
793,Brian Turner,9,Assembly
794,Richard Allen,3,Packaging
795,Scott Mcgee,19,Welding
796,Kayla Meyer,8,Assembly
797,Carol Flores,5,QA
798,Beverly Lane,4,Assembly
799,Terri Edwards,6,Welding
800,Anita Perez,2,QA
801,Toni Matthews,20,Packaging
802,Nathan Lewis,11,QA
803,Timothy Warren,4,QA
804,Mary Evans,15,Packaging
805,Patrick Jones,6,Assembly
806,Kerry Ramirez,17,QA
807,Jennifer Mayo,6,Packaging
808,Bradley Townsend,19,Welding
809,Joseph Harvey,2,QA
810,Carolyn Miller,15,Assembly
811,Ryan Garcia,11,Welding
812,Melissa Collins,8,Welding
813,Justin Sanders,19,Welding
814,Mary Mooney DDS,13,QA
815,Christopher Mcdonald,12,QA
816,Lori Cohen,5,Assembly
817,Ricky Alvarado,6,QA
818,Andrew Martin,4,Assembly
819,Jose Cook,19,QA
820,Daniel Nelson,20,QA
821,Samuel Smith,1,Packaging
822,Austin Lewis,20,Packaging
823,Grant Jenkins,17,QA
824,Jordan Coleman,12,QA
825,Tina Ingram,15,QA
826,Laurie Little,1,QA
827,Debbie Cline,14,Assembly
828,Ralph Wright,6,Welding
829,Debra Cruz,5,Assembly
830,Nicole Moran,11,QA
831,Jeremy Castillo,4,Packaging
832,Wendy Parker,13,QA
833,Beverly Larson,11,Welding
834,Laura Boyd,3,Packaging
835,Charles Fowler,1,QA
836,Antonio Gibson,6,QA
837,Timothy Foster,18,Packaging
838,Erin Pham,10,Assembly
839,Catherine Barrett,5,Assembly
840,Kathleen Mckinney,10,Assembly
841,Kayla Bullock,12,Packaging
842,Mark Alvarez,2,Packaging
843,Kevin Arnold,13,Assembly
844,Jeffery Price,8,Welding
845,Marissa Maynard,2,QA
846,Edward Murphy,20,Welding
847,Christine Taylor,1,QA
848,Valerie Bell,5,Assembly
849,Catherine Allen,9,QA
850,Diana Rose,17,QA
851,Reginald Lee,9,QA
852,John Joyce,11,Welding
853,Rhonda Smith,15,Assembly
854,Joseph Franco,6,Welding
855,Matthew Pierce,3,Assembly
856,Jonathan Carrillo,17,Assembly
857,Chase Hancock,5,Packaging
858,Sharon Perry,12,Assembly
859,Cheyenne Farmer,18,Packaging
860,Maria Ochoa,14,Assembly
861,Peggy Mahoney MD,11,QA
862,Jeffrey Wilson,9,QA
863,Linda Robbins,2,Packaging
864,Nicole Flowers,12,Welding
865,Robin Perez,3,Assembly
866,Ronald Rodriguez,3,Welding
867,Brandon Vargas,1,Welding
868,Peter Gill,8,Assembly
869,Brooke Pratt,8,Assembly
870,Danielle Warner,11,Packaging
871,Sheila Schmidt,9,Packaging
872,Deborah Austin,5,Welding
873,Ruth Foley,14,QA
874,Dr. Rebecca Jones,3,Welding
875,Jeremy Shelton,5,Packaging
876,Daniel Perez,5,Assembly
877,Charles Rice,19,QA
878,Rhonda Bryant,14,Packaging
879,Jennifer Conrad MD,4,Welding
880,Carmen Robinson,13,Assembly
881,Thomas Mitchell,10,Assembly
882,Emily Warren,18,Assembly
883,Desiree Allison,8,Welding
884,Mr. Warren Reeves DDS,8,Welding
885,Dana Jordan,7,Packaging
886,Matthew Doyle,8,Welding
887,Tiffany Anderson,14,Packaging
888,Miranda Mcclure,19,Welding
889,Jonathan Mccann,6,Welding
890,Jennifer Hamilton,1,Assembly
891,Miguel Price,15,Assembly
892,Laura Miller,1,QA
893,Candace Aguilar,17,QA
894,Cynthia Williams,1,Assembly
895,Jason Cole,15,Packaging
896,Matthew Hall,2,Welding
897,Michael Kerr,14,Assembly
898,Amanda Gordon,8,Welding
899,Larry Noble,8,Assembly
900,Jennifer Cuevas,19,Welding
901,Danielle Scott,7,Welding
902,Ashley Taylor,19,Welding
903,Mary Davenport,6,Assembly
904,Ashley Rojas,6,Packaging
905,Christopher Atkins,3,Welding
906,Amanda Williams,7,Assembly
907,Anita Thomas,19,Assembly
908,Tanner Watson,8,Welding
909,Yolanda Jackson,10,Assembly
910,Kathleen Arroyo,20,Welding
911,Ashley Lynch,15,QA
912,Kathleen Wang,15,Packaging
913,Whitney Gaines,1,Welding
914,Crystal Lambert PhD,20,Packaging
915,Benjamin Schwartz,7,Assembly
916,Robert Ball,4,Packaging
917,Lindsay Murillo,6,QA
918,Ashley Burke,1,Welding
919,Nicholas King,5,Packaging
920,Danielle Miranda,1,QA
921,Mary Glenn,4,Welding
922,Timothy Becker,2,Welding
923,David Young,10,Assembly
924,Jesse Brown,5,Packaging
925,Joshua Edwards,10,Assembly
926,Curtis Taylor,1,QA
927,Alicia Cohen,6,QA
928,Gerald Fisher,13,Assembly
929,Philip Rosario,15,QA
930,Curtis Williams,4,Assembly
931,Robert Shelton,13,Packaging
932,David Burgess,20,QA
933,Becky Salinas,15,QA
934,Kimberly Bruce,8,QA
935,Jason Brown,5,Welding
936,Kayla Thomas,15,Packaging
937,Amy Kaufman,4,QA
938,Savannah Crawford,12,Packaging
939,Philip Bowman,13,QA
940,Taylor Lewis,2,QA
941,Douglas Campbell,19,Packaging
942,Robert Martinez,19,Welding
943,Micheal Howe Jr.,4,Welding
944,Debra Garcia,4,Welding
945,David Wood,11,Welding
946,Alicia Spencer,5,Packaging
947,Ernest Miller,20,Assembly
948,Douglas West,11,Welding
949,Allen Ward,10,Welding
950,Glenn Gaines,8,Welding
951,Dawn Lee,6,Assembly
952,Krista White,6,Assembly
953,David Bailey,8,Assembly
954,Timothy Shaffer,15,Packaging
955,Brittany Carpenter,14,Welding
956,Angel Douglas,11,Welding
957,Jeffrey Peterson DDS,12,Welding
958,Mary Taylor,13,QA
959,David Taylor,8,Assembly
960,Jonathan Ferguson,18,Packaging
961,Patricia Ramsey,1,Packaging
962,Michael Boyd,15,QA
963,Caitlin Werner,8,Welding
964,Christopher Thompson,11,Assembly
965,Katrina Hernandez,12,QA
966,Robert Mills,12,Packaging
967,Calvin Calderon,4,QA
968,Sean Ross,16,QA
969,Brian Stevens,4,Assembly
970,Robert Brewer,5,Assembly
971,Crystal Mcfarland,5,Assembly
972,Michael Smith,8,Assembly
973,Robert Williams,10,Welding
974,Whitney Lee,17,Welding
975,Sean Johns,9,Assembly
976,Nicole Hart,19,Welding
977,Daniel Adams,14,Packaging
978,Shawna Miller,8,Assembly
979,Thomas Crawford,9,Assembly
980,Cindy Wilson,11,QA
981,Brian Lewis,1,Assembly
982,Eddie Bradley,14,Welding
983,Nicole Waters,5,Packaging
984,Chris Blair DDS,14,QA
985,Richard Hayes,4,Welding
986,Jim Castillo,1,Packaging
987,Andrew Rogers,19,Welding
988,Micheal Williams,8,Welding
989,Kimberly Burch,15,Packaging
990,Vincent Lopez,15,Packaging
991,Clayton Gonzales,9,Assembly
992,Dakota Duffy,9,Welding
993,Donna Lopez,10,Assembly
994,Crystal Thomas,20,Packaging
995,Cassandra Matthews,9,Assembly
996,Brian Smith,3,QA
997,Joseph Mack,20,QA
998,Julia Snyder,11,QA
999,Jessica Lewis,6,Welding
1000,Kathryn Michael,2,Packaging
1001,Jacob Sanders,7,Packaging
1002,Gabriel Velasquez,18,QA
1003,Daniel Maxwell,2,QA
1004,Jasmine Nelson,17,Welding
1005,Ann Willis,11,QA
1006,Vernon Jones,12,Packaging
1007,Gina Robertson,19,Packaging
1008,James Thomas,7,Assembly
1009,Spencer Anderson,20,Packaging
1010,Richard Henry,6,QA
1011,Cody Johnson,1,Packaging
1012,Kevin Wilson,17,QA
1013,Kayla Bailey,11,Packaging
1014,Matthew Mendez,18,Welding
1015,Katherine Jarvis,17,QA
1016,Robert Morris,7,QA
1017,Joanne Lopez,17,Welding
1018,Michelle Allen,20,QA
1019,Julie Solomon,9,Welding
1020,Cameron Wheeler,17,Assembly
1021,Jacqueline Mahoney,20,Assembly
1022,Mark Hamilton,8,Assembly
1023,Kaitlin Hernandez,17,Welding
1024,Alex Gardner,7,QA
1025,Luis Stark,1,QA
1026,Denise Hernandez,13,Assembly
1027,Samantha Jones,19,Welding
1028,Patricia Reid,19,Assembly
1029,Tracy Dunn,17,Packaging
1030,Stephanie Rodriguez,13,Welding
1031,Mark Harvey,16,Welding
1032,Vanessa Hart,8,QA
1033,Julie Peterson,19,Assembly
1034,Matthew Harris,18,QA
1035,Zachary Dorsey,1,Welding
1036,Robert Trevino,14,Welding
1037,Shelby Cummings,19,Packaging
1038,Carolyn Hawkins,15,QA
1039,Tyler Bailey,18,Packaging
1040,Benjamin Allen,2,QA
1041,Dana Price,17,Assembly
1042,Ronald Barr Jr.,18,QA
1043,David Wagner,6,QA
1044,Jordan Ortega,19,Assembly
1045,Debra Ellis,4,QA
1046,Colton Webb,1,Packaging
1047,Corey Garrison,8,Assembly
1048,Holly Carpenter,7,Welding
1049,Allen Hayes,3,Assembly
1050,Shannon Schwartz,10,QA
1051,Bethany Garrett,10,Welding
1052,Joshua Donaldson,19,QA
1053,Thomas Herman,14,Packaging
1054,Mary Beasley,2,Welding
1055,Jonathan Ponce,1,Packaging
1056,Nicole Joseph,18,Packaging
1057,Pamela Cabrera,7,Welding
1058,Jasmine Pope,8,Packaging
1059,Christy Campbell,1,Assembly
1060,Maurice Pittman,3,QA
1061,Dakota Hampton,8,Packaging
1062,Edward Galloway,15,QA
1063,Gabriella Melton,5,QA
1064,Deborah White,3,Packaging
1065,Mark Gardner,19,Packaging
1066,Meghan Hale,1,Welding
1067,Kayla Haynes,15,Assembly
1068,Crystal Smith,8,Assembly
1069,Mrs. Tina Watson,2,Packaging
1070,Joseph Lee,3,QA
1071,Robert Richardson,14,Welding
1072,Jeremy Stein DDS,14,Packaging
1073,Tiffany Jones,11,Assembly
1074,Natasha Lyons,16,Packaging
1075,Jonathan Liu,4,Packaging
1076,Brandon Morrison,20,QA
1077,Christopher Noble,5,Packaging
1078,Michael Hess,14,Welding
1079,David Rosales,16,Welding
1080,Catherine Rogers,18,Packaging
1081,Rita Lewis,7,QA
1082,Erin Hart,10,QA
1083,Carolyn Smith,7,Welding
1084,Christopher Martin,1,Packaging
1085,Jon Garcia,19,Assembly
1086,Kristy Rodriguez,16,QA
1087,Scott Leblanc,19,Assembly
1088,Michael Bennett,4,Welding
1089,Melinda Patterson,18,Packaging
1090,Margaret Taylor,2,QA
1091,Dr. Paul Smith,1,Welding
1092,Andrew Hopkins,15,Welding
1093,Jeremy Wallace,5,Assembly
1094,Jessica Bryant,20,Assembly
1095,Kristen Turner,11,QA
1096,Dr. James Aguilar,10,QA
1097,Allison Lopez,2,Welding
1098,Melissa Dominguez,3,QA
1099,Jose Bowen,12,Packaging
1100,Melinda Peck,20,QA
1101,Sabrina Crawford,5,Assembly
1102,Matthew Guzman,5,Welding
1103,Robert Mckay,6,Assembly
1104,Victor Horn,9,Welding
1105,Kelly Flores,2,Packaging
1106,Lynn Foster,12,Welding
1107,Courtney Taylor,3,Welding
1108,Robert Anderson,20,Welding
1109,Tracy Williamson,12,Packaging
1110,Ashley Hawkins,17,Packaging
1111,Karen Thompson,10,Assembly
1112,Matthew Andrews,14,Welding
1113,David Marsh,17,Assembly
1114,Alexandria Morris,18,Welding
1115,Wayne Thompson,19,Packaging
1116,Jessica Henry,17,QA
1117,Jeffrey Mack,14,Assembly
1118,Tanner Miller,9,QA
1119,Cynthia Melton,8,Welding
1120,William Farmer,2,QA
1121,Rhonda Davies,13,QA
1122,Colleen Shaw,7,Assembly
1123,Michael Fleming,9,Assembly
1124,Michelle Miller,11,Assembly
1125,Larry Cannon,14,Assembly
1126,Jennifer Roach,4,Welding
1127,Danielle Griffith,13,QA
1128,Jessica Dixon,2,Packaging
1129,Pamela Keller,5,Packaging
1130,Sara Cain,11,Packaging
1131,Christopher Reed,6,Packaging
1132,Jason Patel,18,Welding
1133,Jacqueline Rogers,10,QA
1134,Sarah Heath,4,Assembly
1135,Mark Hughes MD,9,Welding
1136,Mr. Arthur Miller,6,QA
1137,Michael Chapman,2,Welding
1138,Christopher Hogan,17,QA
1139,Krista Pineda,5,QA
1140,David Fernandez,6,Assembly
1141,Erin West,12,Packaging
1142,Mark Evans,10,Welding
1143,Mackenzie Hendricks,6,Assembly
1144,Mr. Mario Owens,8,Assembly
1145,Stephanie White,2,Assembly
1146,Hector Perez,12,Packaging
1147,Theresa Barnes,13,Packaging
1148,Alexandra Meza,7,QA
1149,Mary Cobb,10,Welding
1150,Maria Rodriguez,13,QA
1151,John Friedman,17,Assembly
1152,Latoya Davies,14,Welding
1153,Anita Cervantes,2,Assembly
1154,Janet Scott,11,Assembly
1155,Tyler Dominguez,1,QA
1156,Christian Vega,19,QA
1157,William Graham,4,Packaging
1158,Alison Phillips,19,Assembly
1159,Joanna Chen,11,Assembly
1160,Corey Porter,8,QA
1161,William Thompson,11,QA
1162,Jill Williams,4,Welding
1163,Christopher Reyes,17,Assembly
1164,Samuel Brown,7,QA
1165,Randy Brewer,8,Packaging
1166,Barbara Taylor,3,QA
1167,Lauren Sanders,2,Welding
1168,Johnny Brown,15,QA
1169,Angela Fry,5,Welding
1170,Jennifer Brown,1,Packaging
1171,Tammy Roberts,4,Assembly
1172,Amber Lopez,15,Assembly
1173,Michael Ware,20,Assembly
1174,Kristie Stokes,19,QA
1175,Rebekah Mitchell,3,Packaging
1176,Gary Jackson,20,QA
1177,Mark Watson,11,Packaging
1178,Dr. Adam Wagner,17,QA
1179,Victoria Dunn,13,Assembly
1180,Gregory Gill,11,QA
1181,Charles Sanders,2,Welding
1182,Olivia Marshall,9,Welding
1183,Willie Harmon,2,QA
1184,Taylor James,9,Assembly
1185,Aaron Garcia,9,Packaging
1186,Daniel Ward,8,QA
1187,Jessica Miller,17,Packaging
1188,Ashley Charles,1,QA
1189,James Griffin,11,QA
1190,Timothy Serrano,8,Packaging
1191,Donna Hawkins,10,QA
1192,Natalie Parker,7,Assembly
1193,Eric Cox,3,Packaging
1194,Linda Hodge,3,QA
1195,Micheal Brown,18,Packaging
1196,Brittany Harris,5,Packaging
1197,Ashley Walsh,12,QA
1198,Jason Guerrero,12,Packaging
1199,Carlos Johnson,19,Welding
1200,Nicholas Glenn,6,Welding
1201,Donald Hartman,2,Assembly
1202,Paul Kerr,12,Welding
1203,Hannah Stone,19,QA
1204,Francisco Klein,5,Welding
1205,Joanna Case,12,Assembly
1206,Christopher Jones,17,Assembly
1207,Samuel Reyes,17,Welding
1208,Kevin Kelley,10,Welding
1209,Renee Jones,17,Welding
1210,Aaron Castillo,15,Packaging
1211,Erika Clark,12,Assembly
1212,Linda Serrano,16,Assembly
1213,Lauren Carter,19,Packaging
1214,Derrick Chan,8,Packaging
1215,Brittany Rodriguez,17,Packaging
1216,Carrie Vazquez,5,Assembly
1217,Michael Franco,16,Assembly
1218,Jessica Gomez,6,Packaging
1219,Donna Tran,8,Welding
1220,David Diaz,18,Packaging
1221,Cynthia Andrews,12,Assembly
1222,Perry Ford,15,Packaging
1223,Matthew Cowan,9,Assembly
1224,Shelby Shaw,13,Welding
1225,Joshua Walters,15,Packaging
1226,Daniel Stevenson,10,Packaging
1227,Melinda Manning,16,Packaging
1228,Crystal Brown,7,Packaging
1229,Laura Tucker,17,Assembly
1230,Susan Davenport,7,QA
1231,Paul Hamilton,14,QA
1232,Sandra Schneider,15,QA
1233,Jeff Graham,7,Welding
1234,Tyler Crawford,9,Assembly
1235,Sharon Macias,19,Packaging
1236,Ashley Rangel,16,Assembly
1237,Jane Nguyen,8,Packaging
1238,Annette Walker,18,Packaging
1239,Tammy Brown,18,Assembly
1240,Katie Marshall,20,Packaging
1241,Daniel Mitchell,7,Packaging
1242,Teresa Kim,3,Packaging
1243,Sarah Austin,18,Assembly
1244,David Bautista,10,Packaging
1245,Katie Jones,7,Assembly
1246,Stephanie Torres,17,Welding
1247,Crystal Chavez,14,Welding
1248,Ashley Fletcher,3,Assembly
1249,Ricky Mitchell,12,Assembly
1250,Devin Hooper,13,Packaging
1251,Brandi Boone,2,QA
1252,Robert Montes,3,Packaging
1253,Jennifer Miller MD,5,Welding
1254,Russell Rios,11,QA
1255,Cassandra Miller,8,Packaging
1256,Joshua Pope,12,Packaging
1257,Ashley Bishop,7,QA
1258,Joseph Sanchez,15,QA
1259,Elizabeth Fisher,17,QA
1260,Lisa Butler,4,Assembly
1261,Jessica Walker,13,Packaging
1262,Thomas Williams,18,QA
1263,David Roberts,1,Assembly
1264,Amanda Gardner,16,Packaging
1265,Christopher Copeland,13,QA
1266,Patricia Schultz,10,QA
1267,Angela Jones,12,Packaging
1268,Raymond Massey,2,Welding
1269,Jon Carter,3,Packaging
1270,Jesse Orozco,10,Welding
1271,Lori Strong,2,Assembly
1272,Ryan Hart,13,Packaging
1273,Brittany Henderson,13,QA
1274,Jessica Ferguson,18,Packaging
1275,Tracy Wright,3,Assembly
1276,Lisa Smith,7,Welding
1277,Rodney Anderson,14,Welding
1278,Mark Harrington Jr.,20,Welding
1279,Robert Schneider,17,Welding
1280,Eric Alexander,12,Welding
1281,Jackson Gilmore,16,QA
1282,Pamela Gray,12,Packaging
1283,Sean Weaver,15,Welding
1284,Mrs. Casey Smith,10,Packaging
1285,Joseph Shields,7,Packaging
1286,Yesenia Clark,20,Welding
1287,Rachel Cook,5,QA
1288,Mary Franco,1,QA
1289,Keith Ward,17,Packaging
1290,Christopher Weaver,3,Packaging
1291,Renee Webster,13,Welding
1292,Anthony Smith,14,Assembly
1293,Alexander Hammond,18,Welding
1294,Mary Andrade,4,Welding
1295,Douglas Anderson,18,QA
1296,Alexander Benson,5,Assembly
1297,Glenn White,16,QA
1298,Laura Cannon,1,Packaging
1299,Mark Smith,14,Packaging
1300,Theresa Serrano,15,Welding
1301,Daniel Meza,9,QA
1302,Laura Evans,15,Welding
1303,Brendan Lopez,17,Welding
1304,Richard Ray,4,QA
1305,Marilyn Jensen,12,Packaging
1306,Tammy Myers,5,QA
1307,Casey Moyer,5,Welding
1308,Adam Robinson,11,Welding
1309,Hailey Martin,6,Assembly
1310,Stephanie Montgomery,7,QA
1311,David Smith,14,Welding
1312,Wesley Cameron,11,Packaging
1313,Tim Gutierrez,13,Welding
1314,Susan Alexander,2,Assembly
1315,Melissa Gibson,7,QA
1316,Kristy Rangel,20,Welding
1317,Dr. Kristen Ryan,4,Packaging
1318,Kylie Pugh,8,QA
1319,Tina Anthony,20,QA
1320,Donald Brooks,19,Packaging
1321,Joseph Blackburn,13,Assembly
1322,Pamela Cordova,14,Packaging
1323,Ashley Young,10,Welding
1324,Ashley Hopkins,11,Welding
1325,Natalie Lowe,2,Welding
1326,Thomas Rose,9,Welding
1327,Tammy Williams,17,Packaging
1328,Carl Dixon,3,Packaging
1329,James Townsend,6,QA
1330,Tanner Reed,5,Welding
1331,Kevin Caldwell,5,Welding
1332,Brian Coleman,15,Packaging
1333,Richard Evans,17,Assembly
1334,Zachary Hill,9,Assembly
1335,Matthew Garcia,3,Packaging
1336,Vanessa Fernandez,20,QA
1337,Melissa Higgins,17,Assembly
1338,Dr. Thomas Lyons,10,QA
1339,Cameron Young,3,Assembly
1340,Jacob Jensen,18,Packaging
1341,Lauren Reed,18,Packaging
1342,Abigail Webb,17,Assembly
1343,Franklin Thompson,3,Packaging
1344,Tammy Young,3,Packaging
1345,Justin Li,6,Packaging
1346,Melissa Williams,13,Welding
1347,Karen Huang,15,Packaging
1348,Amber Ellison,9,Packaging
1349,Jamie Scott,4,QA
1350,Timothy Nguyen,14,Assembly
1351,Janice Jacobs,5,QA
1352,Jason Madden,2,Welding
1353,Ivan Schmidt,11,Welding
1354,Edward Lawrence,9,Assembly
1355,Mark Jones,3,QA
1356,Michael Henry,9,Assembly
1357,Thomas Smith,3,Assembly
1358,Karen Price,2,Assembly
1359,Deborah Ramirez,12,Welding
1360,Michele Wells,10,QA
1361,Derrick Hill,9,Assembly
1362,Valerie Turner,15,Packaging
1363,David Hernandez,8,Assembly
1364,Cory Gallagher,5,Welding
1365,Daniel Brown,11,Packaging
1366,Jacob Miranda,2,Assembly
1367,Amanda Williams,15,Welding
1368,Claudia Jackson,6,Assembly
1369,James Jones,8,Welding
1370,Haley Hanson,5,Packaging
1371,April Lester DDS,16,Welding
1372,Christopher Torres,18,Assembly
1373,Whitney Robinson,6,QA
1374,Shane Sheppard,5,QA
1375,Natalie Braun,16,Assembly
1376,Bradley Gentry,13,Assembly
1377,Charles Mason,5,QA
1378,Brenda Rogers,13,Assembly
1379,Charles Glover,17,Packaging
1380,James Harris,18,Packaging
1381,Cynthia Duran,8,Packaging
1382,Blake Johnson,13,QA
1383,Kathy Bean,19,Welding
1384,Jennifer Benson,3,Welding
1385,Melinda Hall,8,Welding
1386,Debra Padilla,2,Welding
1387,Casey Sherman,8,Welding
1388,Rebecca Murphy,13,Packaging
1389,Robert Bryant,13,QA
1390,Alicia Mack,1,Welding
1391,Shannon Martinez,6,QA
1392,Matthew Kirk,19,Welding
1393,Jason Walters,16,Packaging
1394,Matthew Stewart,8,Welding
1395,Ricardo Horton,1,Assembly
1396,Andrea Conner,16,Assembly
1397,Sharon Clark,9,Assembly
1398,Nicholas Ross,13,Packaging
1399,Cheryl Harris,11,Assembly
1400,Karen Pratt,13,Welding
1401,Mark Floyd,10,Welding
1402,Michael Randolph,4,Packaging
1403,Christopher Vance,6,Assembly
1404,Rebecca Garcia,7,Packaging
1405,Jonathan Hunt,5,Assembly
1406,Erin Stewart,11,Welding
1407,Andres Blake,13,Welding
1408,Susan Parks,19,Welding
1409,Lori Harrington,10,QA
1410,Katherine Carroll,10,Welding
1411,Amy Davis,11,Packaging
1412,Lorraine Villanueva,7,Assembly
1413,Lisa Walker,18,Packaging
1414,Timothy Williams,4,Packaging
1415,Alex Brown,2,Assembly
1416,Patricia Hardin,14,Packaging
1417,Joseph Gillespie,13,Assembly
1418,Angela Smith,12,Assembly
1419,Angela Nguyen,7,QA
1420,James Cook Jr.,2,QA
1421,Mathew Hernandez,13,Welding
1422,Jamie Kim,14,Packaging
1423,David Potter,17,Welding
1424,Elizabeth Gray,9,Packaging
1425,Rebekah Acevedo,17,QA
1426,David Perez,8,Packaging
1427,Diana Guzman,2,Assembly
1428,Michael Miller,13,Assembly
1429,Matthew Davis,3,QA
1430,Carol Herrera,16,Packaging
1431,Melinda Wells,6,Packaging
1432,Cynthia Khan,19,Welding
1433,Philip Rose,7,Assembly
1434,Crystal Durham,10,Packaging
1435,Dana Dalton,9,Welding
1436,Robert Robinson,2,QA
1437,David Wallace,15,Welding
1438,Tracy Santana,5,Assembly
1439,John Edwards,4,Assembly
1440,James Garcia,20,QA
1441,Alyssa Wood,4,QA
1442,Anthony Reynolds,18,Packaging
1443,Holly Whitney,4,QA
1444,Christopher Smith,17,Assembly
1445,Joshua Clark,12,Welding
1446,Brandon Ware,17,Welding
1447,Jessica Blackburn,10,QA
1448,Phillip Martinez,1,Assembly
1449,Madison Johnston,18,QA
1450,Christopher Osborne,18,QA
1451,Derrick Kent,14,Packaging
1452,Anna Perez,15,QA
1453,Mrs. Kristina Casey,12,Packaging
1454,Christopher Brown,4,Packaging
1455,Daniel Cruz,3,QA
1456,Kenneth Stevens,20,Packaging
1457,Paul Sherman,12,QA
1458,Jason Bell,7,QA
1459,Dana Maynard,11,Assembly
1460,Paula Figueroa,1,QA
1461,Madison Martinez,6,Welding
1462,Dr. Carmen Wilson MD,15,Packaging
1463,Christopher Perry,15,Welding
1464,Caroline Davenport,19,Welding
1465,Joseph Williams,11,Assembly
1466,Tina Rodriguez,2,Assembly
1467,Anthony Anderson,14,Assembly
1468,Cameron Gates,2,Assembly
1469,Justin Roberts,4,Assembly
1470,Emily Delgado,17,Packaging
1471,Roy Cummings,3,Packaging
1472,Wendy Hensley,13,Welding
1473,Alexandria Johnston,9,Packaging
1474,Joshua Martin,7,Welding
1475,Robert Davis,15,Packaging
1476,Dr. Jennifer Peterson,11,Packaging
1477,Robert Serrano,20,QA
1478,Christopher Dougherty,2,QA
1479,Joel Luna,15,Welding
1480,Jordan Gutierrez,14,Assembly
1481,Richard Davis,20,QA
1482,Katherine Collins,11,QA
1483,Paul Vargas,3,QA
1484,Elizabeth Curtis,17,QA
1485,Brian Anderson,12,QA
1486,Holly Edwards,15,Assembly
1487,Kimberly Robertson,16,QA
1488,Patrick Bryant,5,Assembly
1489,Joseph Williams,20,Welding
1490,James Terry,6,QA
1491,Nicole Foley,19,QA
1492,Rachel Clark,5,Welding
1493,Kelly King,3,Packaging
1494,Jim Deleon,1,Welding
1495,Melissa Clark,6,Packaging
1496,Richard Smith,15,Packaging
1497,Matthew Schmidt,2,Packaging
1498,Mr. Christopher Smith,3,Welding
1499,Lee Mata,17,QA
1500,Michael Jordan,12,Assembly
1501,Ronald Martin,18,Welding
1502,Walter Nelson,15,Packaging
1503,Joshua Allen,12,QA
1504,Jennifer Henderson,16,Packaging
1505,Jessica Hill,8,QA
1506,Thomas Davis,14,Packaging
1507,Barry Jackson,17,Assembly
1508,David Johnson,8,QA
1509,James Wolf,15,Welding
1510,Todd Sanchez,14,Welding
1511,Bryan Carter,18,Packaging
1512,Laura Holt,20,Welding
1513,Brooke Dixon,7,Packaging
1514,Cindy Pineda,3,Assembly
1515,Jordan Harper,12,Welding
1516,Dale Anthony,3,Assembly
1517,Manuel Mills,20,Packaging
1518,Dustin Dyer,14,Assembly
1519,Erika Estrada,15,Packaging
1520,Aaron Jackson,14,QA
1521,Joseph Keller,7,Packaging
1522,Sharon Graves,17,Welding
1523,Jason Park,12,Welding
1524,Jessica Baker,20,Packaging
1525,Brandi Young,4,Packaging
1526,Jennifer Bowers,9,Welding
1527,Nicholas Carrillo,6,Assembly
1528,Amy Hale,16,Assembly
1529,Joel Ramirez,2,QA
1530,Rhonda Parker,8,Packaging
1531,Melissa Vincent,11,Assembly
1532,Jay Smith,13,QA
1533,Amber Taylor,17,Packaging
1534,Erin Morales,8,Assembly
1535,Robert Christensen,18,QA
1536,Brittany Malone,18,Assembly
1537,Cynthia Lin,14,Welding
1538,Brandi Wong,15,Assembly
1539,Alex Watson,6,Welding
1540,Katie Brown,11,Assembly
1541,Christopher Kelley Jr.,13,QA
1542,Jessica Blair,1,Packaging
1543,Amy Brooks,6,Welding
1544,Betty Bell,9,Packaging
1545,Rick Christensen,8,Packaging
1546,Eric Bishop,11,QA
1547,Christine Oconnor,19,Assembly
1548,Jennifer Martin,9,Packaging
1549,Justin Lee,17,Packaging
1550,Carrie Cooper,12,Welding
1551,Charlene Flores,14,Assembly
1552,Gina Johnson,15,Welding
1553,Dr. Austin Cook,16,Welding
1554,Henry Rowe,20,Assembly
1555,Charles Munoz,1,Packaging
1556,Emily Reynolds,10,Assembly
1557,Ashley Ford,8,Assembly
1558,Amanda Carter,18,Welding
1559,Kathryn Jones,1,Assembly
1560,Christopher Lee,2,Welding
1561,Brian Banks,1,QA
1562,Amber Foster,1,QA
1563,Jason Wong,9,Packaging
1564,Kimberly Howell,13,Assembly
1565,Denise Moon,1,Assembly
1566,Carrie Collins,13,Packaging
1567,Lucas Phillips,20,Welding
1568,Ryan Lynch,7,Assembly
1569,Heather Lewis DDS,2,Packaging
1570,Timothy Hurst,6,QA
1571,Ashley Lewis,7,Assembly
1572,Denise Lee,14,QA
1573,William Hudson,18,QA
1574,Ralph Mills,15,Assembly
1575,Matthew Mendez,2,QA
1576,Anthony Lawson,10,Assembly
1577,Shannon Bailey,12,Welding
1578,Chad Thompson,17,Assembly
1579,Jeffrey Ford,8,Welding
1580,Alexis Crawford,11,Packaging
1581,Christopher Robinson,3,Welding
1582,Carolyn Edwards,6,Welding
1583,Tiffany Scott,9,Assembly
1584,Jeffrey Smith,6,Packaging
1585,Jonathan Thomas,9,Welding
1586,Garrett Bowers,7,QA
1587,Steven Garcia,9,Assembly
1588,Shannon Garner,18,Assembly
1589,Eric Davis,12,QA
1590,Lori Wilson,8,Welding
1591,Carolyn Sherman,8,Packaging
1592,Jon Ferguson,18,QA
1593,Amy Allen,20,Packaging
1594,Jordan Morris DDS,15,Assembly
1595,Eric Guerrero,7,Packaging
1596,Matthew Conrad,11,Assembly
1597,Molly Cox,20,Welding
1598,Susan White,16,Welding
1599,Thomas Ramirez,4,Welding
1600,Frank Brown,6,QA
1601,Michelle Brock,3,Welding
1602,Tina Perry,9,QA
1603,Christopher Smith,10,Welding
1604,Mark Johnson,14,Packaging
1605,Jeffrey Stephenson,11,Welding
1606,Sue Chen,18,Welding
1607,Ryan Beard,12,Welding
1608,Alexandra Burch,12,Packaging
1609,Samantha Brown,13,Assembly
1610,Bryce Hess,13,QA
1611,Tiffany Smith,19,QA
1612,Edwin Huffman,19,Packaging
1613,Daniel Mckinney,14,Assembly
1614,Joshua Watson,4,Packaging
1615,Peggy Oneill,13,Welding
1616,Michael Bailey,8,Welding
1617,Mark Fields,19,QA
1618,Jennifer Vargas,12,QA
1619,Timothy Harris,18,QA
1620,Stacey Ramirez,6,Assembly
1621,Michelle Riley,18,QA
1622,Rebecca Hughes,19,Welding
1623,James Alvarez,5,Packaging
1624,Kevin Lopez,9,Welding
1625,Thomas Lindsey,3,QA
1626,Emily Bell,10,QA
1627,Arthur Gibbs,19,QA
1628,Jeffrey Christian,3,Assembly
1629,Benjamin Smith,15,Assembly
1630,Charles Cooper,1,Packaging
1631,Teresa Tran,7,Assembly
1632,Charles Jones,12,Assembly
1633,Thomas Adams,17,QA
1634,Laurie Henderson,20,Welding
1635,Matthew Smith,5,Welding
1636,Emily Jones,4,Welding
1637,Bridget Reynolds,12,Packaging
1638,William Lawrence,20,Welding
1639,Tyler Jackson,18,Assembly
1640,Rebecca Taylor,17,Welding
1641,Jillian Kennedy,19,Welding
1642,Kevin Fleming,9,Packaging
1643,Shelby Martin,4,Packaging
1644,Terry Guzman,2,Welding
1645,Colton Rose,4,Assembly
1646,Marc Raymond,2,QA
1647,Nicholas Tyler,15,Welding
1648,Emily Nelson,2,Packaging
1649,Tara Willis,4,Welding
1650,Steven Smith,6,QA
1651,Donna Stephens,7,Welding
1652,Katelyn Morse,10,Assembly
1653,Jim Lester,19,Welding
1654,John Wagner,19,Welding
1655,Lisa Simmons,12,QA
1656,Crystal Montgomery,3,Assembly
1657,Gary Patrick,13,Assembly
1658,James Jones,18,Packaging
1659,Howard Poole,8,Packaging
1660,John Lowery,15,Welding
1661,Jennifer Mcgee,1,Packaging
1662,Brandy Kelley,3,Welding
1663,Lisa Adkins,8,Welding
1664,David Ritter,4,Assembly
1665,Danielle Duncan,16,Welding
1666,Cynthia Dominguez,10,Welding
1667,Mr. David Cruz,12,Assembly
1668,Autumn Carr,14,QA
1669,Rebecca Cannon,14,Welding
1670,Amy Brown,2,QA
1671,Jessica Bishop,5,Welding
1672,Tonya Reed,5,Assembly
1673,Kevin Baldwin,6,Assembly
1674,Shawn Smith,13,QA
1675,Nathaniel Wood,9,Packaging
1676,Erin Boone,15,QA
1677,Christopher Greene,14,QA
1678,Jerry Page,7,Assembly
1679,Barbara Gonzalez,20,QA
1680,Robert Evans,2,Packaging
1681,Jamie Williams,7,Assembly
1682,Stephanie Dickerson,6,Welding
1683,Melissa Wood,17,Welding
1684,William Johnson,2,Assembly
1685,Thomas Esparza,3,Packaging
1686,Desiree Vega,5,Packaging
1687,Michael Burns,5,Packaging
1688,Lauren Quinn,1,Welding
1689,Sarah Jones,8,Packaging
1690,Daniel Riley,12,Packaging
1691,Michele Mcdaniel,4,Assembly
1692,Rhonda Alvarez,13,Welding
1693,Justin Adams,15,Welding
1694,Joyce Becker,11,Assembly
1695,Alex Cole,10,Welding
1696,Robert Davis,3,Assembly
1697,Carrie Lynch,14,QA
1698,Loretta Santiago,16,Assembly
1699,Carolyn Vargas,10,Packaging
1700,Isaac Brown,10,Packaging
1701,Daniel Williams,12,Assembly
1702,William Reynolds,9,QA
1703,Linda Miller,1,QA
1704,Jeremy Taylor,5,Welding
1705,Laura White,20,QA
1706,Joseph Boyle,8,Welding
1707,Mr. Jerome Stein Jr.,11,Packaging
1708,Lisa Contreras DDS,12,Packaging
1709,Eileen Brown,1,Packaging
1710,Jennifer Scott,20,Welding
1711,Thomas Ingram,11,Packaging
1712,Amy Williams,5,Assembly
1713,Jennifer Randolph,15,Packaging
1714,Eugene Patel,5,Welding
1715,Brooke Allison,12,QA
1716,Diane Miller,5,Assembly
1717,Ryan Zimmerman,17,QA
1718,Joshua Clark,17,QA
1719,Aaron Rodriguez,12,QA
1720,Jeremiah Daniels,15,Assembly
1721,Heather Burns,15,Packaging
1722,Richard Parker,6,Packaging
1723,Jacob Ross,12,QA
1724,John Hill,20,Packaging
1725,Steven Porter,18,Welding
1726,Brittany Ross,14,Assembly
1727,Michael Webster,2,Assembly
1728,Ryan Lutz,9,Welding
1729,Scott Merritt,5,Packaging
1730,Veronica Dunn,20,Welding
1731,William Braun,1,Packaging
1732,Vickie Rivas,3,Welding
1733,Carla Chambers,6,Packaging
1734,Matthew White,5,QA
1735,Sean Hamilton,5,Assembly
1736,Ethan Beck,1,QA
1737,Michael Adkins,17,QA
1738,Kimberly Jordan,19,Assembly
1739,Austin Abbott,14,Assembly
1740,Carol Nguyen,12,Packaging
1741,Daniel Holland,10,Assembly
1742,Christopher Torres,20,Packaging
1743,Kimberly Webb,18,QA
1744,Katie Collins,11,QA
1745,Yolanda Garcia,2,QA
1746,Mr. Richard Smith MD,18,Assembly
1747,Brian Anderson,7,Welding
1748,Lee Gutierrez,15,QA
1749,William Gutierrez,11,Welding
1750,Monique Stanley,18,Assembly
1751,Kimberly Thomas,12,Welding
1752,Amanda Reed,6,Assembly
1753,Timothy Carter,20,Packaging
1754,Trevor Hunt,13,Assembly
1755,April Thomas,20,QA
1756,Jared Pittman,16,Welding
1757,Steven Adams,18,Assembly
1758,Megan Mcmahon,10,QA
1759,Michael West MD,8,QA
1760,Pamela Combs,18,Welding
1761,Kathleen Savage,1,Welding
1762,Jessica Henderson,8,Packaging
1763,Reginald Gilbert,6,QA
1764,Ashley Kemp,5,Assembly
1765,Jason Thompson,15,Assembly
1766,Brandon Anderson MD,15,Assembly
1767,Kendra Frye,2,QA
1768,Henry Wade,1,Assembly
1769,Darlene Conrad,11,Welding
1770,Christine Edwards,10,Packaging
1771,Jonathan Rogers,18,QA
1772,Ronald Stewart,18,Assembly
1773,Jacob Simpson,17,Packaging
1774,Dennis Colon,8,Packaging
1775,Karen Lee,15,QA
1776,Sharon Mcdonald,8,Welding
1777,Rita White,17,Welding
1778,Dwayne Garrett,12,Packaging
1779,Laura Bernard,8,Packaging
1780,Natalie Page,14,Assembly
1781,Jacqueline Bradley,4,Assembly
1782,Shannon Levy,1,QA
1783,April Johnston,1,Welding
1784,Carol Myers,19,Assembly
1785,Matthew Rowe,16,Assembly
1786,Patricia Wiley,14,Packaging
1787,Robin Brown,16,Packaging
1788,Jason Clark,5,Welding
1789,Deanna Hunt,9,QA
1790,Katherine Pierce,2,Assembly
1791,Sabrina Nunez,18,Packaging
1792,James Holloway,6,Packaging
1793,William Lee,9,Assembly
1794,Lindsey Watkins,1,Assembly
1795,Hannah Jackson,9,Welding
1796,Joseph Hudson,16,QA
1797,Maria Stevens,13,Welding
1798,Eric Leonard,9,Assembly
1799,Amber Chapman,13,QA
1800,Lawrence Turner,9,Packaging
1801,Denise Cruz,11,Assembly
1802,Matthew Meadows,4,Assembly
1803,Sarah Jones,2,Packaging
1804,Cynthia Barnes,6,Welding
1805,Dr. Andrew Sherman,14,Welding
1806,Andrea Stephenson,4,Packaging
1807,Jose Williams,6,QA
1808,Eric Powell,19,Assembly
1809,Seth Alvarez,6,Packaging
1810,Catherine Estrada,2,Packaging
1811,Jonathan Meadows,18,Welding
1812,Vicki Bush,13,Assembly
1813,Frances Singh,9,Packaging
1814,Kevin Anthony,19,QA
1815,David Mercer,13,Assembly
1816,Trevor Rose,11,Assembly
1817,Adam Harris,1,QA
1818,Shawn Vargas,7,QA
1819,Stephanie Arnold,15,Assembly
1820,Vanessa Peterson,1,QA
1821,Allen Terry,12,Packaging
1822,Cindy Stewart,7,Welding
1823,Kayla Weber,15,Welding
1824,Christopher Knox,19,Welding
1825,John Norton,1,Packaging
1826,Edward Smith,17,QA
1827,Michael Glenn,17,Assembly
1828,Johnathan Hunt,3,Assembly
1829,Jill Miles,12,QA
1830,Micheal Bowers,6,Packaging
1831,Gloria Butler,11,Assembly
1832,Michael Woodward,3,QA
1833,Steven Roberts,8,QA
1834,Thomas Cisneros,14,Packaging
1835,Henry Ware,14,Assembly
1836,Amber Leon,10,Packaging
1837,Dakota Diaz,2,Assembly
1838,Jacqueline Butler,14,Welding
1839,Stephanie Scott,9,QA
1840,Kristy Herman,3,Packaging
1841,Lance Osborne,8,Assembly
1842,Christine Dennis,16,Welding
1843,Lisa Johnson,2,Assembly
1844,Deanna Flores,6,Assembly
1845,Elizabeth Silva,12,Assembly
1846,Roger Barrett,5,Packaging
1847,Wyatt Wilson,2,QA
1848,Mary Ferguson,16,Assembly
1849,Kevin Miller,5,Welding
1850,Adriana Chan,15,Assembly
1851,Caroline Mendoza,12,Packaging
1852,Jonathan Frazier,4,Packaging
1853,Tammy Schwartz,15,Welding
1854,Larry Martinez,11,Assembly
1855,Trevor Ferrell,16,Packaging
1856,Mr. Douglas Palmer PhD,6,Assembly
1857,Benjamin Santana,14,Assembly
1858,Gregory Nguyen,18,QA
1859,Joseph Mccoy,12,Welding
1860,Juan Morales,11,Welding
1861,Matthew Waters,13,QA
1862,Margaret Garcia,11,QA
1863,Jay Chang,16,QA
1864,Margaret Lam,15,QA
1865,Christina Spears,15,Packaging
1866,Jimmy Gentry,4,Welding
1867,Nancy Peters,11,Packaging
1868,Kim Foster,19,QA
1869,Brittany Smith,15,Welding
1870,Deborah Moore,4,Packaging
1871,Kayla Livingston,13,Assembly
1872,John Crosby,19,Packaging
1873,Heather Anthony,2,Assembly
1874,Michael Washington,14,QA
1875,Sara Durham,4,QA
1876,Linda Phillips,16,Assembly
1877,Jean Brown,20,QA
1878,Alexis Rogers,14,Welding
1879,Kelsey Perez,15,QA
1880,Daniel Hill,3,QA
1881,Jack Davis,8,QA
1882,Bryan Logan,16,Assembly
1883,Steve Guerrero,10,Welding
1884,Amanda Barber,4,Packaging
1885,Jason Snyder,18,QA
1886,Crystal Franco,2,QA
1887,Justin Fitzgerald,17,Assembly
1888,Gina Jacobson,13,QA
1889,Mark Padilla,4,Assembly
1890,Edward Carney,11,QA
1891,Jake Carroll,7,QA
1892,Dr. Jose Quinn PhD,12,Packaging
1893,Gregory Jackson,10,QA
1894,Alyssa Owens,7,QA
1895,Patrick Yang,13,Assembly
1896,Matthew Lewis,7,Welding
1897,Peter Krueger,17,QA
1898,Cindy Brown,10,Welding
1899,Brenda Fox,10,QA
1900,Eric Armstrong,4,Assembly
1901,Joshua Berg,20,Welding
1902,Sarah Ford,4,QA
1903,Sandra Delgado,7,Welding
1904,Rodney Stephens,1,Welding
1905,Lawrence Miller,12,Assembly
1906,Mary Wright,13,QA
1907,Cheryl Henson,10,QA
1908,Susan Lee,15,Packaging
1909,Sylvia Griffin,13,Packaging
1910,Gary Morgan,9,Packaging
1911,Brian Daugherty,9,Assembly
1912,Diane Cantrell,15,Assembly
1913,Joseph Stevens,10,Assembly
1914,Susan Vega,10,Welding
1915,Kathryn Moore,8,Assembly
1916,Alice Gross,16,QA
1917,Robert Jones,17,Assembly
1918,Steven Ochoa,5,Assembly
1919,Eric Lewis,4,Welding
1920,Kimberly Simmons,18,QA
1921,Francisco Miller,19,QA
1922,Kerri Robinson,4,Packaging
1923,Jessica Miller,7,Assembly
1924,Todd Erickson,10,Welding
1925,Amanda Lawson,18,QA
1926,Dennis Doyle,19,QA
1927,Daniel Lopez,4,QA
1928,Christopher Conley,10,QA
1929,Michael Thompson,1,QA
1930,Jeff Lynch,18,Packaging
1931,Noah Daniels,5,QA
1932,Elizabeth Parker,15,Packaging
1933,Alyssa Thomas,17,Assembly
1934,Ashley Boyer,3,Packaging
1935,Logan Howe,12,Assembly
1936,Nicholas George,2,Assembly
1937,Alicia Mosley,1,QA
1938,Sheryl Huerta,17,QA
1939,John Oconnor,16,QA
1940,John Vazquez,5,Welding
1941,Javier Watson,15,Assembly
1942,Victor Nelson,3,QA
1943,Peter Campbell,7,Welding
1944,Roberta Gentry,11,QA
1945,Angela Green,10,QA
1946,Christine Curry,9,Assembly
1947,Anthony Baker,14,Welding
1948,Christopher Maddox,13,Assembly
1949,Brian Nguyen,2,Packaging
1950,Gary Mejia,3,Welding
1951,Kristina Palmer,7,Assembly
1952,Cody Rasmussen,18,Welding
1953,John Shepard,3,QA
1954,Cynthia Murray,10,QA
1955,Jessica Yates,7,Packaging
1956,Jennifer Lewis,9,QA
1957,Dr. Bianca Anderson,17,QA
1958,Matthew Lopez,11,Assembly
1959,Emily Smith,7,Welding
1960,Barry Griffin,14,QA
1961,Robert Brooks,19,QA
1962,Elizabeth Harper,4,Assembly
1963,Lindsay Patel,6,Welding
1964,Michael Chen,10,QA
1965,Paige Smith,7,Assembly
1966,John Hernandez,13,Welding
1967,Andrew Boyd,14,Assembly
1968,Raymond Paul,4,QA
1969,Briana Fritz,8,Assembly
1970,Dakota Edwards,5,QA
1971,William Martinez,1,Assembly
1972,Sean Boyd,4,Welding
1973,Alex Rodriguez,3,Welding
1974,Tasha Cooper,9,QA
1975,Raymond Strickland,8,Packaging
1976,Keith Jones,1,Packaging
1977,Samantha Nguyen,6,Assembly
1978,Johnny Davis,9,Assembly
1979,Mr. David Robinson,7,Packaging
1980,James Smith,4,Assembly
1981,Angela Pena,13,Assembly
1982,Robert Smith,17,Packaging
1983,Chad Wilson,2,Welding
1984,Heather Alexander,5,QA
1985,Joshua Vasquez,12,QA
1986,Mr. Steven Smith Jr.,8,Packaging
1987,Matthew Smith,6,Packaging
1988,John Stanton,8,Welding
1989,Zachary Henderson,18,Assembly
1990,Austin Norton,3,Packaging
1991,John Crawford,12,QA
1992,Jennifer Taylor,3,Welding
1993,Larry Chapman,6,Welding
1994,John Parker,2,Assembly
1995,Brenda Villarreal,12,Assembly
1996,Melissa Brewer,2,QA
1997,Jason Scott,6,Packaging
1998,Kathleen Randolph,17,Packaging
1999,Tony Sampson,3,QA
2000,Phillip Summers,2,Assembly
2001,Janice Guzman,20,Assembly
2002,Michelle Miller,8,Packaging
2003,Sarah Montgomery,12,Welding
2004,Michael King,4,Welding
2005,Carrie Rubio,5,QA
2006,Holly Vargas,13,Assembly
2007,Heather Andrews,15,Welding
2008,Sean Allen,16,Welding
2009,Scott Lewis,10,Packaging
2010,Manuel Morales,16,Assembly
2011,Matthew Hester,12,QA
2012,Kevin Green,17,Assembly
2013,Rhonda Bennett,16,QA
2014,Mary Burns,12,Assembly
2015,Kylie Bartlett,8,Assembly
2016,Jennifer Conway,20,Assembly
2017,Anthony Landry,3,Assembly
2018,Mario Abbott MD,16,Welding
2019,Jordan Barrett,13,Welding
2020,Stephanie Hernandez,19,Welding
2021,John Smith,8,Packaging
2022,Shelly Cannon,5,Packaging
2023,Steven Franklin,20,Assembly
2024,Alyssa Mason,8,Assembly
2025,Lynn Crosby,12,Welding
2026,James Cherry,1,QA
2027,Tyler Keller,20,Assembly
2028,Kevin Long,6,Packaging
2029,Dana Jones,18,Packaging
2030,Theresa Williams,8,Packaging
2031,David Carter,7,Welding
2032,Reginald Brown,1,Welding
2033,Rachel Green,16,Assembly
2034,Sheila Murillo,12,Assembly
2035,John Bishop,6,Assembly
2036,Ronald Hess,20,Packaging
2037,Jill Stewart,2,Assembly
2038,Christian Rivera,14,QA
2039,Shawn Murphy,4,Packaging
2040,David Williams,1,Packaging
2041,Connor Garcia,18,Packaging
2042,Emily Miller DVM,13,Welding
2043,Hayden Martinez,2,Assembly
2044,Erica Tucker,9,Welding
2045,Javier Evans,2,Assembly
2046,Sandra Ewing,9,QA
2047,Paula Sullivan,1,Packaging
2048,Dennis Mclean,11,Packaging
2049,Brenda Edwards,3,Packaging
2050,Jerry Garcia,20,Packaging
2051,Jaime Hodge,4,Assembly
2052,Jacob Boyer PhD,18,Packaging
2053,Joy Anderson,6,Assembly
2054,Warren Lewis,3,QA
2055,Erika Cox MD,11,Welding
2056,Barbara Perry,15,Assembly
2057,Andrew Mccarthy,5,Packaging
2058,Luis Ross,20,Welding
2059,Lance Miller,10,QA
2060,James Cohen,12,Welding
2061,Mrs. Terri Soto,15,Welding
2062,Anthony Odom,17,QA
2063,Daniel Obrien,10,QA
2064,Jennifer Flowers,6,Packaging
2065,Michele Becker,18,Welding
2066,Breanna Mckay,13,QA
2067,Timothy Sherman,3,Packaging
2068,Michael Rivera DDS,10,QA
2069,Isaac Lawson,14,Packaging
2070,Maria Garcia,6,Assembly
2071,Emily Caldwell,3,QA
2072,Cindy Aguilar,16,Welding
2073,Kim Munoz,7,Welding
2074,Christopher Roberts,20,QA
2075,Nicholas Glover Jr.,14,QA
2076,Michael Thompson,9,Welding
2077,Benjamin Schmitt,15,Welding
2078,Tracy Alexander,3,Assembly
2079,Jacob Johnson,2,QA
2080,Jennifer Howell,2,Assembly
2081,Christopher Herman,3,QA
2082,Aaron Shah,18,QA
2083,Donna Doyle,14,QA
2084,Ariana Roberts,20,Assembly
2085,Kenneth Shaw,18,Packaging
2086,James Lawson,10,QA
2087,Anthony Fields,2,Packaging
2088,Scott Murray,1,QA
2089,Lisa Young,4,Welding
2090,Robert Chavez,14,QA
2091,Donald Pearson,1,Packaging
2092,Jordan Crawford,14,QA
2093,Julian Parker,16,QA
2094,Philip Jones,14,Assembly
2095,Elizabeth Johnston,20,Packaging
2096,Joseph Miller,3,Packaging
2097,Sharon Murphy,3,Packaging
2098,Nicole Perkins,9,Packaging
2099,Elizabeth Mercado,6,Packaging
2100,Eric Sheppard,13,QA
2101,Eric Underwood,2,QA
2102,Karen Henson,8,Welding
2103,Alexander Mcdonald,2,Welding
2104,Jordan Smith,4,Packaging
2105,Richard Robinson,15,Packaging
2106,Brenda Roberts,4,Assembly
2107,Patricia Jimenez,13,Welding
2108,Jennifer Berg,12,QA
2109,Alexandra Mejia,13,QA
2110,Jesse Sheppard,14,QA
2111,Jennifer Richardson,20,Welding
2112,Frances Mills,18,Assembly
2113,Brian Lewis,6,Packaging
2114,Kristen Young,11,Welding
2115,Jeff Evans,2,Packaging
2116,Richard Mathews,19,Packaging
2117,Albert Ross,19,Packaging
2118,Richard Castillo,5,Packaging
2119,Andrea Cooper,19,Welding
2120,Elizabeth Benjamin,2,Assembly
2121,Elizabeth Howard,10,Packaging
2122,Amy Howard,2,Assembly
2123,Gabriel Velez,11,Welding
2124,Raven Rodriguez,18,Welding
2125,Stephanie Rodgers,15,Assembly
2126,Tommy Barrera,9,QA
2127,Christopher Pearson,19,Packaging
2128,Stephanie Jacobs,9,Assembly
2129,Jennifer Diaz,3,Welding
2130,Holly Hampton,9,QA
2131,Kevin May,14,QA
2132,Tyler Hughes,19,Assembly
2133,Barbara Morales,7,QA
2134,Tiffany Mathews,16,Packaging
2135,Cindy Anderson,16,Packaging
2136,Dawn Gordon,1,Packaging
2137,Mark Morales,4,Welding
2138,Michael Woodward,4,Assembly
2139,Jerry Morgan,7,QA
2140,Mason Madden,8,Assembly
2141,Shirley Bartlett,17,QA
2142,Robert James,5,Packaging
2143,Linda Green,7,QA
2144,Kelly Jordan,20,Packaging
2145,Dr. John Arias Jr.,20,Packaging
2146,Andrew Hernandez,4,Welding
2147,Benjamin Phillips,6,Assembly
2148,David Mason,7,Assembly
2149,Teresa Michael,18,QA
2150,Mrs. Rachel Love,5,Welding
2151,Kelly May,20,QA
2152,Martha Martin,3,QA
2153,Ariel Moss,7,QA
2154,Tamara Wilkinson,14,Welding
2155,Alejandro May,7,Assembly
2156,Pamela Jones,5,Packaging
2157,Nicholas Vasquez,5,Welding
2158,Cindy Wolf,2,Assembly
2159,Deborah Hayes,6,QA
2160,Kimberly Stephenson,15,QA
2161,Melissa Wagner,10,Assembly
2162,Mr. Phillip Case,7,Assembly
2163,Antonio Miller,5,QA
2164,Amy Rivera,1,QA
2165,Sonya Wilson,13,Assembly
2166,Danielle Andrews,18,Packaging
2167,Caleb Riddle,13,QA
2168,Sherri David,18,Welding
2169,Stephen Smith,5,Packaging
2170,Lauren Morales,13,QA
2171,Adam Jackson,4,Welding
2172,Craig Miller,17,Welding
2173,Natasha Fernandez,3,Assembly
2174,Katrina Fox,17,Assembly
2175,Angela Stokes,11,Packaging
2176,Christine Mcdowell,20,Welding
2177,Christopher Miller PhD,4,Assembly
2178,Carlos Young,2,QA
2179,Lisa Ward,20,Welding
2180,Eugene Jackson,16,Packaging
2181,Brooke Riley,18,Assembly
2182,Derrick Jenkins,8,QA
2183,Denise Archer,3,Welding
2184,Tony Davidson,9,Welding
2185,Jason Long,20,Packaging
2186,Allison Sheppard,6,Packaging
2187,James Hartman DVM,10,Assembly
2188,Patty Sampson,10,Welding
2189,Amanda Powers,13,QA
2190,Stephanie Butler,17,QA
2191,Mr. Nicholas Matthews MD,9,Welding
2192,Daniel Bernard,17,Welding
2193,Thomas Mathis,9,Packaging
2194,Nathan Allen DDS,9,Packaging
2195,Amy Morris,1,Assembly
2196,Robert Baker PhD,2,QA
2197,Michael Wood,16,QA
2198,Maurice Trevino,1,Assembly
2199,Elizabeth Johnson,10,QA
2200,Matthew Cooley,18,Welding
2201,Michael Cox,8,Welding
2202,James Fitzgerald,11,Assembly
2203,Joanne Powell,2,Packaging
2204,Ashley Deleon,8,QA
2205,David Gray,8,Packaging
2206,Jessica Stone,17,QA
2207,Terri Morris,15,Welding
2208,Daniel Nichols,17,Packaging
2209,Katherine Wright,13,Packaging
2210,Anna Graves,19,Packaging
2211,Thomas Lee,5,Packaging
2212,Vanessa Castro,12,Packaging
2213,Matthew Brown,1,Welding
2214,Mark Garcia,5,QA
2215,Jose Morris,8,Packaging
2216,Christopher Rodriguez,13,Assembly
2217,Caleb Gardner,8,Welding
2218,Richard Zamora,11,Welding
2219,Evelyn Cook,1,QA
2220,Shelly Johnson,13,Packaging
2221,Gabriel Wade,19,Welding
2222,Jonathan Blake,3,Welding
2223,Daniel Gibson,17,Packaging
2224,Darren Moreno,5,Assembly
2225,Todd Khan,20,Assembly
2226,Michele Taylor,8,QA
2227,Brenda Taylor,14,Welding
2228,Miranda Oneill,4,QA
2229,Kyle Thompson,11,Packaging
2230,James Orozco,20,Welding
2231,Diamond Bryant,15,QA
2232,Kelly Rodriguez,19,Packaging
2233,Anna Hernandez,7,Assembly
2234,Mitchell Jackson,19,QA
2235,Theresa Butler,19,QA
2236,Kaitlyn Smith,11,QA
2237,Jessica Bell,5,QA
2238,Susan Hill,5,Welding
2239,David Norman,8,Welding
2240,Jeffrey Wilson,10,Welding
2241,Gregory Wilkerson,6,Welding
2242,Rebecca Fitzgerald,15,Welding
2243,Jessica Nichols,16,QA
2244,Jill Wright,17,Packaging
2245,Dawn Simpson,8,Packaging
2246,Ashley Henderson,8,Packaging
2247,Erin Cobb,9,Assembly
2248,Katherine Stewart,2,Welding
2249,Lauren Kennedy,15,Welding
2250,Angela Jarvis,18,Assembly
2251,Jimmy Skinner,3,Welding
2252,Daniel Benton,17,Assembly
2253,Karina Bowers,4,Welding
2254,Anthony Oconnor,4,QA
2255,Wendy Jackson,14,QA
2256,Randy Richards,9,Welding
2257,William Kelly,9,Welding
2258,Tami Mejia,18,QA
2259,Angel Johnson,10,QA
2260,Erica Martin,4,QA
2261,Steven York,12,Assembly
2262,Tara Johnson,8,Assembly
2263,Julie Brown,2,Assembly
2264,Zachary Thornton,13,Packaging
2265,Leslie Deleon,16,QA
2266,Keith Ward,2,QA
2267,Steven Weber,11,Assembly
2268,Carlos Martin,10,Welding
2269,Jennifer Mack,15,Packaging
2270,Rhonda Torres,17,Assembly
2271,Timothy Harper,8,Packaging
2272,Philip Tucker,18,Welding
2273,Shannon Cunningham,9,Packaging
2274,Dylan Sanchez,8,QA
2275,Craig Livingston,14,Packaging
2276,Richard Calderon,18,Packaging
2277,Katie Colon,20,Packaging
2278,Jackson Roach,20,QA
2279,Ashley Yates,12,Packaging
2280,Patrick Mckinney,19,QA
2281,Emily Goodman,14,Welding
2282,Vanessa Dunlap,17,QA
2283,Amy Flynn,3,Assembly
2284,Madison Martinez,7,QA
2285,Matthew Martin,17,Welding
2286,Faith Henderson MD,12,QA
2287,Andrew Nguyen,9,Packaging
2288,Gerald Moore,15,Packaging
2289,Daniel Jackson,18,Assembly
2290,David Baker,13,QA
2291,Troy Marquez,8,Assembly
2292,Jason Norris,14,Assembly
2293,Kevin Mata,8,Packaging
2294,Rhonda Rodriguez,14,Welding
2295,Antonio Barber,7,QA
2296,Stanley Johnson,12,Packaging
2297,Matthew Thomas,11,Packaging
2298,Jason Dillon,11,Welding
2299,Hannah Page,13,QA
2300,Carrie Burgess,18,Packaging
2301,Sarah Williams,2,Welding
2302,Tara Sherman,15,Assembly
2303,Tammy Garza,20,Welding
2304,Gregory Gilmore,18,Assembly
2305,Kevin Huynh,15,Packaging
2306,Amy Wagner,19,QA
2307,Jessica Simmons,12,Assembly
2308,Lori Joseph,13,QA
2309,Martha Jones,11,Packaging
2310,Mrs. Andrea Henderson,5,QA
2311,Jordan Ortega,1,Assembly
2312,Jacob Smith,3,Welding
2313,Michael Cantrell,19,Welding
2314,Stacy Davis,7,Packaging
2315,Katrina Mckenzie,12,QA
2316,Ashley Randall,15,Packaging
2317,Kimberly Morris,5,Assembly
2318,Jeremy Brown,15,Assembly
2319,Kyle Norton,8,Packaging
2320,Elizabeth Jackson,10,Assembly
2321,Steven James,16,Packaging
2322,Jennifer Castro,8,QA
2323,Charles Barnes,1,Assembly
2324,Leslie Heath,12,Welding
2325,Kimberly Willis,5,Welding
2326,Cynthia Wright,3,Assembly
2327,Daniel Brown,1,Welding
2328,Todd Turner,4,Packaging
2329,Jennifer Camacho,8,Assembly
2330,Carrie Cantu,3,Packaging
2331,George Bell,10,Welding
2332,John Perkins,2,Assembly
2333,Michael Kelly,11,QA
2334,Paul Harris,10,Packaging
2335,Joshua Andrews,14,Packaging
2336,Tara Greer,7,Welding
2337,Melissa Beltran,2,Welding
2338,Mr. Lucas Miller,9,Packaging
2339,Ryan Parker,16,QA
2340,Jamie Gordon,13,QA
2341,Danielle Pittman DDS,9,Packaging
2342,Lisa Richards,20,QA
2343,James Gonzalez,4,Packaging
2344,Regina Ruiz,10,Assembly
2345,Andrea Fox,12,QA
2346,William Davis,17,QA
2347,Laura Hall,14,Packaging
2348,Lindsay Mccarthy,14,Assembly
2349,Robert Jones,2,Welding
2350,Glenn Bryant,20,Assembly
2351,Colleen Wilson,11,Welding
2352,Andrea Gordon,16,Welding
2353,Lance Hardy,19,Assembly
2354,Johnny Hicks,6,Packaging
2355,Anthony Bender,19,Welding
2356,Jessica Crane,5,Assembly
2357,David Quinn,4,QA
2358,Kelsey Kelley,15,Packaging
2359,Richard Phillips,4,Welding
2360,Jeremy Davis,20,Assembly
2361,Marilyn Bates,10,QA
2362,Taylor Graham,3,Welding
2363,Matthew King,5,Welding
2364,Andrew Jones,6,Assembly
2365,Bradley Wright,8,Welding
2366,Michael Serrano,7,Packaging
2367,Tiffany Cline,10,Packaging
2368,Allison Perez,6,Welding
2369,Nina Stewart,14,Packaging
2370,Lynn Dixon,4,Assembly
2371,Cathy Rodriguez,13,Welding
2372,Lynn Woods,20,Welding
2373,Grace Wu,17,Packaging
2374,Raymond Olson,7,Welding
2375,Eric Allen,4,Welding
2376,David Blake,14,Packaging
2377,Erica Good,3,Welding
2378,Anthony Sanchez,5,Assembly
2379,Dean Robertson,16,QA
2380,Larry Ingram,20,Assembly
2381,Amy Schwartz,4,Welding
2382,Sean Calderon,2,Assembly
2383,Lisa Williams,18,Assembly
2384,Amy Sanders,19,Assembly
2385,Laurie Little,19,Assembly
2386,Joseph Johnson,17,Assembly
2387,Jacob Cohen,14,Packaging
2388,Charles Gutierrez,19,Welding
2389,Bruce Bush,13,Assembly
2390,Melissa Simon,12,Welding
2391,Sean Martin,6,Packaging
2392,Kristopher Mullins,4,Assembly
2393,Casey Wilkins,19,Packaging
2394,David Salazar,16,Assembly
2395,Kathryn Reid,13,QA
2396,Ashlee Jensen,4,Packaging
2397,Micheal Mathis,17,Assembly
2398,Megan Brown,1,Welding
2399,Kristina Nguyen,18,QA
2400,Ashley Jones,20,QA
2401,Katherine Johnson,17,Welding
2402,Charles Davis,15,Assembly
2403,Wendy Edwards,11,Assembly
2404,Sydney Watkins,13,Welding
2405,Christine Morales,1,Welding
2406,Joseph Cox,17,Assembly
2407,Brian Andrews,6,Packaging
2408,Christopher Rich,4,Assembly
2409,Cathy Carlson,20,QA
2410,Matthew Hutchinson,16,Packaging
2411,James Christian,15,Packaging
2412,Aaron Howard,15,Assembly
2413,Steven Ewing,6,Assembly
2414,Michael Costa,15,Assembly
2415,Peter Vance,14,Packaging
2416,Joseph Ellison,11,QA
2417,Andrew Willis,7,Packaging
2418,Nicole Mccann,9,Welding
2419,Christopher Smith,16,Assembly
2420,Amy Howard,5,QA
2421,Susan Medina,20,Assembly
2422,Adam Choi,10,QA
2423,Grant Moreno,18,Welding
2424,Amy Miller,3,Assembly
2425,Lacey Bartlett,13,Packaging
2426,Lisa Leonard,11,Packaging
2427,Benjamin Cooper,17,Welding
2428,Rhonda Moran MD,13,QA
2429,Holly Torres,6,Assembly
2430,Antonio Gilmore,17,QA
2431,Carol Henderson,13,Assembly
2432,Olivia Black,19,Packaging
2433,Jacqueline Howell,19,QA
2434,Kenneth Hernandez,10,Packaging
2435,Kevin Levy,3,Packaging
2436,Michael Lee,14,QA
2437,Christopher White,19,QA
2438,Sarah Mejia,5,Welding
2439,Marissa Stephens,5,QA
2440,Audrey Ruiz,20,Assembly
2441,Lynn Hester,17,Welding
2442,Angela Brown,10,Assembly
2443,Ruben Crosby,5,QA
2444,Justin Pham,4,Assembly
2445,Michael Pope,6,Packaging
2446,Evan Smith,4,Welding
2447,Gary Pierce DVM,7,QA
2448,Jason Rowland,7,Welding
2449,Vanessa Ray,18,Assembly
2450,Joseph Shepherd,3,Packaging
2451,Teresa Schmidt,1,Packaging
2452,Jackie Christensen,4,Assembly
2453,Phillip Williams,6,Welding
2454,Joshua Roberts,9,QA
2455,Nathan Mooney,14,QA
2456,Ryan Griffin,12,Assembly
2457,Andrew King,20,QA
2458,David Ochoa,4,Assembly
2459,Mandy Olson,12,Packaging
2460,Bryan Clark,10,Assembly
2461,Steven Hines,7,Packaging
2462,Holly Salinas,3,Packaging
2463,Michelle Phillips,14,Welding
2464,Tristan Jenkins,10,Welding
2465,Jeffrey Lewis,16,QA
2466,Jacob Phillips,16,Welding
2467,Eric Dyer,10,Welding
2468,Amanda Mullins,13,QA
2469,Alexandra Cervantes,6,Welding
2470,Virginia Hoover,12,Packaging
2471,John Hernandez,9,Welding
2472,Derek Hoffman,13,Welding
2473,Emma Marshall,4,Assembly
2474,Mary Mckenzie,11,Welding
2475,Daniel Gibson,20,Assembly
2476,Lori Bailey,18,Packaging
2477,Joseph Howard,11,Welding
2478,Joann Lynch,4,Packaging
2479,Jaime Thomas,18,QA
2480,Timothy Brock,1,Welding
2481,Katherine Newman,7,QA
2482,Michelle Payne,6,Assembly
2483,Donna Sullivan,15,Welding
2484,Wayne Waller,18,Assembly
2485,Jennifer Powell,11,QA
2486,Christian Frank,20,QA
2487,Jerry Robinson,15,QA
2488,Jennifer Travis,16,Assembly
2489,Eric Meadows,7,Packaging
2490,Amy Buchanan,10,Assembly
2491,Scott Hernandez,12,QA
2492,Robert Bowers,14,Assembly
2493,Michael Gregory,5,Assembly
2494,Katherine Fletcher,18,Welding
2495,Matthew Keith,5,Packaging
2496,Kathy Morton,3,Assembly
2497,Sheila Morris,5,Packaging
2498,Anthony Yoder,17,QA
2499,Albert Blankenship,19,Packaging
2500,Richard Jackson,19,QA
2501,Randy Smith,12,Packaging
2502,Jasmin Miller,9,Assembly
2503,Blake Clayton,1,Packaging
2504,Bradley Howard,18,Welding
2505,Julie Collins,4,Assembly
2506,Isaiah Mejia,10,Packaging
2507,Donna Stanley,7,Welding
2508,Tiffany Williams,1,Assembly
2509,Sarah Aguirre,17,Assembly
2510,Michael Gardner,2,Welding
2511,Todd Ross,11,Welding
2512,Matthew Hoffman,9,Packaging
2513,Jessica Collins,7,Welding
2514,Traci Rosales,17,Assembly
2515,Michael Singh,17,Welding
2516,Susan Wilkinson,2,QA
2517,Brittney Brown MD,6,Packaging
2518,Mrs. Patricia Morris MD,14,Assembly
2519,Jenna Clark,6,Assembly
2520,Julie Stewart,2,Packaging
2521,Mike Rios DDS,1,Welding
2522,Robert Wright,10,Welding
2523,Renee Robinson,5,Packaging
2524,Christopher Bullock,2,Welding
2525,Jesse Garrett,16,Welding
2526,Roy Wiley,2,Assembly
2527,Ryan Wang,10,QA
2528,Anna Coleman,2,Assembly
2529,Joann Moon,16,Packaging
2530,Christina Walter,16,QA
2531,Elizabeth Mcdonald,19,QA
2532,Jennifer Garcia,7,Packaging
2533,Barbara Garcia,12,Welding
2534,Mary Beasley,15,Welding
2535,Bethany Watts,8,Assembly
2536,Kerri Wheeler,6,Assembly
2537,Charles Maddox,10,Assembly
2538,Molly Silva,3,Welding
2539,Mr. Kenneth Humphrey,19,Welding
2540,Kyle Ortiz,17,Assembly
2541,Thomas Cobb,7,Welding
2542,Wendy Mccann,20,Assembly
2543,Julia Hampton,4,QA
2544,Donna Allison,14,Packaging
2545,Emily Miller,20,Packaging
2546,Scott Sparks,15,QA
2547,Terry Williams,8,Welding
2548,Thomas Garcia,15,Assembly
2549,Gerald Frank,20,Packaging
2550,Martin Fuller,14,QA
2551,Morgan Rocha,9,QA
2552,David Porter,8,Welding
2553,John Sanders,17,QA
2554,Tracy Chapman,2,Packaging
2555,Jessica Maldonado,3,Welding
2556,Timothy Nelson,8,QA
2557,Matthew Williams,12,Assembly
2558,Stephen Smith,1,Packaging
2559,Vincent Johnson,10,Welding
2560,Dawn Moran,20,Assembly
2561,Megan Jackson,3,QA
2562,George Sims,6,QA
2563,Bradley Russell,7,Packaging
2564,Michael Frazier,20,Welding
2565,Mr. William Baldwin,18,QA
2566,Kristopher Hampton,11,Assembly
2567,James Watson,19,Welding
2568,Elizabeth Hunt,5,Welding
2569,Jessica Hernandez MD,19,Assembly
2570,Diane Harding,11,Packaging
2571,James Scott,12,Welding
2572,Julie Simpson,10,QA
2573,Carl Lewis,8,Welding
2574,Donna Ochoa,9,Packaging
2575,Michael Anderson,4,QA
2576,Laura Wilson,5,QA
2577,Jonathan Gonzalez,8,QA
2578,Ann Abbott,9,Packaging
2579,Robert Edwards,15,QA
2580,Bradley Christensen,15,QA
2581,Veronica Smith,16,Packaging
2582,David Paul,14,Assembly
2583,Kent Simpson,8,Packaging
2584,Raymond Juarez,18,Welding
2585,Matthew Harrison,10,Welding
2586,Todd Dudley,20,Packaging
2587,Sandra Callahan,6,Welding
2588,Robin Mcbride,12,QA
2589,Ivan Johnson,2,Welding
2590,Ricky Fuller,7,QA
2591,Gerald Tran,16,Welding
2592,Danny Miller,3,Assembly
2593,Tommy Thompson,13,Welding
2594,Ebony Morgan,3,Packaging
2595,Barry Taylor,18,Packaging
2596,Benjamin Levine,11,Welding
2597,Dr. Brooke Graham MD,8,QA
2598,Lori Sanchez,6,Welding
2599,Jose Phillips,1,QA
2600,Bryan Jarvis,1,Welding
2601,Gary Thomas,8,Welding
2602,Renee Rodriguez,5,Packaging
2603,Jason Mendoza,16,Assembly
2604,Madison Smith,11,Packaging
2605,Perry Payne,5,Packaging
2606,Jeremiah Guerra,4,Welding
2607,Christopher Castaneda,6,Welding
2608,Matthew Warren,14,Packaging
2609,Steven Holmes,19,Welding
2610,Leah Lee,9,QA
2611,Karen Sullivan,12,Packaging
2612,Melanie Davila,11,QA
2613,John Jones,14,QA
2614,Lee Newman,16,Welding
2615,Michael Williams,1,Assembly
2616,Dawn Hernandez,13,Assembly
2617,Mr. Noah Singh,13,Welding
2618,Adrienne White,2,Assembly
2619,Karen Huff,4,QA
2620,Danny Garcia,6,Assembly
2621,Leah Lopez,5,Packaging
2622,Sarah Dixon,3,Packaging
2623,Diana Moore,1,QA
2624,Kristina Barber,4,Welding
2625,Eric Wells,20,Packaging
2626,Juan Forbes,2,QA
2627,Michelle Henderson,5,Assembly
2628,Stephanie Romero,3,QA
2629,Carol Stephens,9,Assembly
2630,Debra Sharp,20,QA
2631,Jordan Clark,6,Welding
2632,Alyssa Richardson,18,QA
2633,Donald Russell,6,Welding
2634,Evan Hinton,19,Welding
2635,Katelyn Carter,12,Assembly
2636,Brian Torres,11,QA
2637,Christopher Howell,2,QA
2638,Katherine Drake,15,Packaging
2639,Frank Zimmerman,12,Welding
2640,Alan Atkinson,12,QA
2641,Brian Walker,9,Packaging
2642,Brady Williams,2,QA
2643,Crystal Sparks,3,QA
2644,Martha Marsh,12,Packaging
2645,William Jimenez,16,Welding
2646,Jill Ferguson,1,Assembly
2647,Nicole Ballard,3,Packaging
2648,Mark Hall,20,Welding
2649,Adam Hughes,2,QA
2650,Dustin Fisher,9,QA
2651,Alex Bird,19,QA
2652,David Fields,15,QA
2653,Francisco Murphy,18,Welding
2654,Matthew King,11,Welding
2655,Philip Beck,16,QA
2656,Patrick Allen,17,Welding
2657,Jennifer Taylor,5,Welding
2658,Dennis Perry,12,QA
2659,Nicholas Martinez,11,QA
2660,Kathryn Chambers,15,Packaging
2661,Miguel Carey,3,Assembly
2662,Sean Watson,1,Welding
2663,Tiffany Mccullough,20,Assembly
2664,Kenneth Bailey,16,Assembly
2665,Felicia Romero,2,Welding
2666,Cameron Jones,2,Packaging
2667,Jessica Tate,3,Packaging
2668,Angela Gaines,8,Welding
2669,Cynthia Lewis,15,Assembly
2670,Angel Hunter,7,Welding
2671,Erin Schaefer,6,Packaging
2672,Mr. Mark Edwards MD,9,Packaging
2673,Michael Martinez,20,Welding
2674,Kevin Smith,1,Assembly
2675,Melissa Robinson,8,Assembly
2676,Michael Alexander,3,Packaging
2677,Melinda Johnston,4,Assembly
2678,Daniel Bell,15,QA
2679,Richard Todd,6,Welding
2680,Monica Malone,15,Welding
2681,Zachary Daniels,3,Packaging
2682,Tiffany Chen,14,Welding
2683,Jennifer Jackson,20,Packaging
2684,Russell Rodriguez,14,QA
2685,John Martinez,4,Packaging
2686,Michael Stewart,12,Assembly
2687,Zachary Levine,17,Assembly
2688,Julian Howard,7,Assembly
2689,Timothy Gonzalez,9,Welding
2690,Alexis Garcia,3,Packaging
2691,Darlene Fox,13,Welding
2692,Tara James,15,Assembly
2693,Gabriella Garza,18,Assembly
2694,Caroline Simmons,19,Assembly
2695,Jennifer Schneider,1,Packaging
2696,Sandra Moore,6,Packaging
2697,Lisa Young,2,Assembly
2698,Christopher James,14,QA
2699,Eric Brown,6,Welding
2700,Jessica Castro,14,QA
2701,Jason Allen,4,QA
2702,Chase Wheeler,8,QA
2703,Sandra Church,3,Assembly
2704,Kyle Mcclure,19,Welding
2705,Luis Miller,14,Packaging
2706,Sandra Smith,20,QA
2707,Sarah Huffman,17,Welding
2708,Tracey Fuller,8,Welding
2709,Eric Watson,14,QA
2710,Lisa Williams,6,Welding
2711,Anne Graham,16,Packaging
2712,Gary Marshall,19,QA
2713,Shannon Waller,14,QA
2714,Maria Williams,19,Packaging
2715,Jimmy Silva,3,Welding
2716,Terri Kim,10,Packaging
2717,Brittany Stafford,19,QA
2718,Frances Lewis,9,QA
2719,Michelle Stanley,20,Packaging
2720,Alexis Gonzalez,13,QA
2721,Michelle Ho,7,Packaging
2722,Christopher Hall,14,Assembly
2723,Jasmine King,9,QA
2724,Marcus Wilson,19,Assembly
2725,Dominique Finley,15,Welding
2726,Kimberly Rodriguez,20,QA
2727,Michelle Martin,14,Assembly
2728,Mitchell Johnson,6,QA
2729,Christopher Guzman,4,Welding
2730,Johnny Kramer,8,Assembly
2731,Dylan Walsh,17,Assembly
2732,Amy Mitchell,9,Welding
2733,Katrina Ortiz,1,QA
2734,Mary Hernandez DVM,20,QA
2735,Joshua Marshall,14,Packaging
2736,Kelly Robinson,11,Assembly
2737,Abigail Black,3,Welding
2738,Steven King,9,Welding
2739,Dustin Stone,14,QA
2740,Leslie Nelson,9,QA
2741,Gregory Ross,4,Welding
2742,Wanda Hill,4,QA
2743,Daniel Cobb,8,Welding
2744,Jeffrey Rodriguez,2,Assembly
2745,Kimberly Cook,9,Packaging
2746,Angela Gonzalez,14,Packaging
2747,Brian Hall,9,Assembly
2748,Timothy Webster,16,Assembly
2749,Luis Benson,17,QA
2750,Samantha Shaw,16,Welding
2751,Ronald Brooks,12,Welding
2752,Tonya Zhang,3,Assembly
2753,Daniel Brown,11,Packaging
2754,James Snyder,14,Packaging
2755,Michael Alvarez,18,Welding
2756,Melissa Chase,5,Packaging
2757,Angel Shelton,16,Assembly
2758,Teresa Olsen,20,Welding
2759,William Miller,5,Welding
2760,Randy Flores,3,Welding
2761,Melissa White,12,Welding
2762,Lisa Fisher,1,QA
2763,Dawn Mccormick,9,Welding
2764,Rodney Rodriguez,9,Welding
2765,Katherine Garcia,4,Assembly
2766,Joshua Williams,3,QA
2767,Jermaine Thompson,17,Assembly
2768,Bryan Byrd,2,QA
2769,Thomas Davis,1,Packaging
2770,Shannon Abbott,8,Assembly
2771,Michael Garcia,13,QA
2772,Cheryl Clay,15,Packaging
2773,Alicia Thompson,8,Packaging
2774,Carol Brown,12,Welding
2775,Perry Mejia,12,Packaging
2776,Darrell Ellison,14,Welding
2777,Kari Wilcox,15,Assembly
2778,Juan Griffin,15,Packaging
2779,William Vincent,9,QA
2780,Cynthia Harper,19,Welding
2781,Michelle Andrews,20,QA
2782,Veronica Oconnell,8,Assembly
2783,Cynthia Davidson,19,Welding
2784,Steven Randall,6,QA
2785,John Rodriguez,20,QA
2786,Brandon Sanchez,19,Welding
2787,Erin Henry,4,Packaging
2788,Bradley Mitchell,7,QA
2789,Ashley Little,4,Welding
2790,Denise Hernandez,12,Welding
2791,Michael Fritz,13,Assembly
2792,Paul Hooper,3,Assembly
2793,Michael Harper,12,Welding
2794,Joseph Jones,2,Welding
2795,Jesse Mitchell,2,QA
2796,Amanda Walker,9,Packaging
2797,Leslie Gonzalez,1,Welding
2798,Kelly Morales,8,QA
2799,Sean Meyer,6,Packaging
2800,Mark Hines,6,Packaging
2801,Kathryn Flowers,18,Welding
2802,John Williams,17,Welding
2803,Andrew Bolton,12,Assembly
2804,Jeffrey Ryan,6,Assembly
2805,Sean Moore,8,QA
2806,Sheri Villanueva,19,Assembly
2807,Eric Martin,10,Assembly
2808,Cody Gomez,1,QA
2809,Sheri Goodman,13,QA
2810,Christopher Middleton,17,QA
2811,Thomas Williams,3,QA
2812,Christine George,8,QA
2813,Jacob Baxter,14,Packaging
2814,Linda Marshall,3,Welding
2815,Sabrina Rodriguez,16,Packaging
2816,Steven Myers,13,Assembly
2817,Anita Harris,20,Assembly
2818,Christina Smith,17,Welding
2819,Christopher Burton,13,Packaging
2820,Amanda Aguilar,6,Packaging
2821,Heidi Powell,17,Assembly
2822,Johnny Perry,14,Welding
2823,Judith Nichols,17,Assembly
2824,Amy Walker,8,Welding
2825,Brad Carter,11,QA
2826,James Perry,20,Packaging
2827,Nicholas Caldwell,1,Packaging
2828,Harry David,7,Welding
2829,Joseph Parker,17,Packaging
2830,Stephanie Jones,10,Welding
2831,Hunter Golden,11,Welding
2832,Lisa Adams,9,Packaging
2833,Rita Hanson,9,Packaging
2834,Jacob Meadows,5,Packaging
2835,Edward Flores,17,Assembly
2836,Joshua Wallace,9,Assembly
2837,Michael Moreno,17,Assembly
2838,Mary Chapman,19,Welding
2839,Shawn Conner,7,Packaging
2840,Diana Williams,9,QA
2841,Adam Hunt,7,Assembly
2842,Timothy Santos,13,Welding
2843,Nicholas Porter,11,QA
2844,Susan Thomas,14,Packaging
2845,Brittany Fitzpatrick,19,Packaging
2846,Jill Willis,11,Packaging
2847,Kimberly Dalton,13,Welding
2848,Ashley Smith,14,Assembly
2849,Ronald Taylor,13,Welding
2850,Christopher Franklin,1,QA
2851,Dakota Browning,8,QA
2852,Joshua Escobar,12,Assembly
2853,Elizabeth Barnett,19,Welding
2854,David Reyes,12,Packaging
2855,Justin Allen,8,QA
2856,Robert Guzman,8,Assembly
2857,Vincent Salinas,13,Assembly
2858,Andrew Warner,12,Assembly
2859,Richard Russell,16,Welding
2860,Devon Moore,1,Assembly
2861,Janet Reed,13,Welding
2862,Carlos Benson,7,Packaging
2863,Amber Harper,5,Welding
2864,Sergio Dixon,8,QA
2865,Janet Smith,14,Welding
2866,Tyler Levine,13,Welding
2867,Luke Thompson,15,QA
2868,Benjamin Johnson,17,Packaging
2869,Derek Hampton,15,QA
2870,April Sanchez,20,Packaging
2871,Matthew Rodriguez,18,Assembly
2872,Crystal Steele,18,QA
2873,Michael Nelson,2,Welding
2874,Dean Singleton,4,Packaging
2875,Karen Davis,1,Packaging
2876,Patricia Eaton,4,Welding
2877,Timothy Wagner,18,Packaging
2878,Judy May,5,Welding
2879,Charles Scott,19,Welding
2880,Matthew Mack,15,QA
2881,Suzanne Martin,8,QA
2882,Kelly Stevens,20,Welding
2883,Richard Hernandez,17,Assembly
2884,Anthony James,1,Welding
2885,Karen Rodriguez,12,Packaging
2886,Rebecca Cole,19,Assembly
2887,Sarah James,15,QA
2888,Chloe Morales,9,Welding
2889,Ryan King,7,QA
2890,Leslie Welch,2,Welding
2891,John Ayala,9,Packaging
2892,Nicholas Moreno,10,Packaging
2893,Jeffrey Martin,2,Assembly
2894,Jordan Griffin,19,Packaging
2895,John Aguirre,11,Assembly
2896,Carl Dickson,13,Packaging
2897,Joseph Best,10,Assembly
2898,Zachary Thomas,14,Assembly
2899,Mike Kirk,18,QA
2900,Lori Cochran,19,Packaging
2901,Thomas Rice,9,Packaging
2902,Jennifer Haynes,7,Packaging
2903,Ryan Wise,3,Assembly
2904,Kimberly Hernandez,20,QA
2905,Patrick Chapman,6,Packaging
2906,Susan Smith,2,Welding
2907,Kristin Jordan,6,Welding
2908,Joseph Miller,3,QA
2909,Derrick Evans II,16,QA
2910,Mitchell Lloyd,8,Packaging
2911,Lori Nielsen,2,Welding
2912,Sara Brooks,17,Assembly
2913,April Davis,9,Welding
2914,Julia Robinson,12,Packaging
2915,Marc Griffin,3,Welding
2916,Russell Cochran,11,QA
2917,Stephanie Jones,1,Welding
2918,Lisa Boyer,13,Packaging
2919,Francisco Hall,15,QA
2920,Billy Greer,5,Welding
2921,William Johnson,17,Packaging
2922,Timothy Hamilton,6,QA
2923,Christopher Rodgers,11,Packaging
2924,Michael Thomas,18,Packaging
2925,Andrea Baker,4,Welding
2926,Angela Frederick,3,Welding
2927,Steven Hall,13,Assembly
2928,Daniel Harris,9,Assembly
2929,Jamie Rodriguez,6,Assembly
2930,Kenneth Cortez,12,Welding
2931,Cristina Greene,2,Assembly
2932,Kimberly Martinez,3,Assembly
2933,Linda Hanson,3,Packaging
2934,Angela Taylor,12,Welding
2935,Laura Nielsen,15,Assembly
2936,David Parks,9,Assembly
2937,David Freeman,8,QA
2938,Eric Arroyo,11,Welding
2939,Tiffany Aguilar,16,Packaging
2940,Nancy Jenkins,4,Packaging
2941,Derek Oneal,1,Assembly
2942,Jacob Johnston,7,Assembly
2943,Emily Valdez,2,QA
2944,Michael Rodriguez,5,Assembly
2945,Daniel Dennis,7,Assembly
2946,Marie Fitzgerald,4,Welding
2947,Christopher Green,5,Assembly
2948,Sean Mclean,1,Welding
2949,Ann Walker,1,Assembly
2950,Karen Sexton,15,Welding
2951,Douglas Mccullough,20,Assembly
2952,Jeffrey Hines,19,Packaging
2953,Christina Baldwin,10,Assembly
2954,Linda Gray,18,QA
2955,Mrs. Cindy Wong,3,Welding
2956,Jonathan Wagner,11,Welding
2957,Katie Townsend,15,Assembly
2958,Angel Huerta,11,Welding
2959,Nathan Anthony,17,Welding
2960,David Shah,17,Packaging
2961,Mark Parks,6,Assembly
2962,Sara Wilson,5,Packaging
2963,Adriana Thompson,8,QA
2964,Corey Moyer,2,QA
2965,Michael Bradford,16,Assembly
2966,Todd Macias,20,QA
2967,Eric Leonard,12,Welding
2968,Brittany Davis,6,QA
2969,Frank Price,1,QA
2970,Joshua Williams,4,Assembly
2971,Michael George,17,Welding
2972,Leslie Miller,13,Packaging
2973,William Kirby,18,Welding
2974,Matthew Evans,5,Packaging
2975,Christopher Wheeler,3,Packaging
2976,Sandra Watts,11,Welding
2977,Oscar Smith,13,Assembly
2978,Isaiah Reed,4,Packaging
2979,Joanna Hill,14,Assembly
2980,John Silva,11,Assembly
2981,Jeremiah Cisneros,10,QA
2982,Harry Ferguson,19,Welding
2983,Julie Munoz,18,Packaging
2984,John Miller,6,Assembly
2985,Heather Smith,15,Assembly
2986,Rachel Jones,10,Packaging
2987,Catherine Cooper,5,Welding
2988,Ms. Amber Vega,5,Assembly
2989,Shelby Hughes,10,QA
2990,Phillip Kelly,5,Welding
2991,Seth Black,3,Assembly
2992,Heather Thomas,6,Packaging
2993,Catherine Smith,4,Assembly
2994,Jeremy Nguyen,18,Welding
2995,James Collins,9,QA
2996,Erik Kim,17,QA
2997,Anthony Bradford,13,QA
2998,Mark Martinez,15,Welding
2999,Russell Burch,20,Welding
3000,Emma Kennedy,17,Packaging
